placar_casa,placar_visitante,data,round,stage,ano,equipe_casa,equipe_visitante,Pts_casa,3P_casa,2P_casa,LL_casa,RT_casa,RO_casa,RD_casa,AS_casa,ER_casa,IA%_casa,3PC_casa,3PT_casa,3P%_casa,2PC_casa,2PT_casa,2P%_casa,LLC_casa,LLT_casa,LL%_casa,EN_casa,BR_casa,B/E_casa,TO_casa,FC_casa,T/FC_casa,ET_casa,VI_casa,EF_casa,Pts_visitante,3P_visitante,2P_visitante,LL_visitante,RT_visitante,RO_visitante,RD_visitante,AS_visitante,ER_visitante,IA%_visitante,3PC_visitante,3PT_visitante,3P%_visitante,2PC_visitante,2PT_visitante,2P%_visitante,LLC_visitante,LLT_visitante,LL%_visitante,EN_visitante,BR_visitante,B/E_visitante,TO_visitante,FC_visitante,T/FC_visitante,ET_visitante,VI_visitante,EF_visitante
66,62,2015-03-18,12,2,2014-2015,Limeira,Minas,82.93333333333334,27.4,39.733333333333334,15.8,30.2,7.466666666666667,22.733333333333334,18.066666666666666,11.666666666666666,1.664,9.133333333333333,22.666666666666668,40.068,19.866666666666667,36.4,54.37533333333333,15.8,19.533333333333335,79.46733333333333,2.4,9.866666666666667,0.888,3.066666666666667,19.6,0.15933333333333335,11.666666666666666,2.6,98.66666666666667,76.2,23.8,38.13333333333333,14.266666666666667,35.06666666666667,10.066666666666666,25.0,16.733333333333334,13.2,1.3373333333333335,7.933333333333334,23.733333333333334,33.52733333333333,19.066666666666666,36.93333333333333,51.500666666666675,14.266666666666667,20.2,69.92466666666665,2.533333333333333,9.666666666666666,0.7693333333333333,1.4,22.933333333333334,0.06333333333333334,13.2,2.933333333333333,86.26666666666667
96,90,2015-03-18,12,2,2014-2015,Palmeiras,Sesi Franca,79.53333333333333,24.0,42.13333333333333,13.4,34.13333333333333,10.8,23.333333333333332,15.333333333333334,14.133333333333333,1.15,8.0,24.133333333333333,33.285333333333334,21.066666666666666,39.666666666666664,53.044666666666664,13.4,18.733333333333334,72.03733333333334,2.6,10.866666666666667,0.8119999999999999,1.6,19.2,0.08866666666666669,14.133333333333333,3.066666666666667,87.26666666666667,76.53333333333333,22.6,38.8,15.133333333333333,33.06666666666667,9.666666666666666,23.4,13.933333333333334,14.8,1.0506666666666666,7.533333333333333,22.733333333333334,32.428666666666665,19.4,36.93333333333333,52.51866666666667,15.133333333333333,21.733333333333334,68.89266666666667,2.466666666666667,10.333333333333334,0.7706666666666667,3.066666666666667,22.0,0.13999999999999999,14.8,3.6,82.8
63,89,2015-03-19,13,2,2014-2015,Fortaleza B. C. / CFO,Flamengo,78.06666666666666,27.0,37.6,13.466666666666667,34.13333333333333,11.0,23.133333333333333,13.533333333333333,12.6,1.1013333333333333,9.0,28.4,32.037333333333336,18.8,35.8,52.385999999999996,13.466666666666667,19.466666666666665,69.11666666666666,1.0,10.333333333333334,0.8326666666666667,2.933333333333333,18.8,0.164,12.6,2.6,84.0,88.66666666666667,31.2,41.06666666666667,16.4,37.46666666666667,10.2,27.266666666666666,17.733333333333334,12.466666666666667,1.5686666666666667,10.4,24.933333333333334,42.24533333333333,20.533333333333335,37.0,55.118,16.4,21.066666666666666,78.36466666666666,1.9333333333333333,8.933333333333334,0.7653333333333332,1.8,18.133333333333333,0.10266666666666668,12.466666666666667,1.7333333333333334,106.46666666666667
88,77,2015-03-19,13,2,2014-2015,Mogi,Paulistano,87.86666666666666,25.0,43.06666666666667,19.8,37.93333333333333,13.133333333333333,24.8,16.4,12.933333333333334,1.3253333333333335,8.333333333333334,21.866666666666667,38.104000000000006,21.533333333333335,40.93333333333333,53.00333333333333,19.8,25.533333333333335,76.49066666666666,1.6,9.666666666666666,0.788,2.4,23.733333333333334,0.10533333333333335,12.933333333333334,2.6,102.66666666666667,82.4,22.8,41.86666666666667,17.733333333333334,38.666666666666664,13.133333333333333,25.533333333333335,13.2,11.466666666666667,1.306,7.6,22.8,33.17266666666667,20.933333333333334,44.266666666666666,47.70466666666666,17.733333333333334,22.733333333333334,78.63666666666667,1.0666666666666667,9.533333333333333,0.9206666666666666,1.1333333333333333,21.6,0.05533333333333334,11.466666666666667,2.6,89.93333333333334
91,72,2015-03-19,13,2,2014-2015,Coop/São José Basketball,L. Sorocabana,78.73333333333333,21.0,44.666666666666664,13.066666666666666,35.8,9.6,26.2,19.666666666666668,14.133333333333333,1.4966666666666668,7.0,19.666666666666668,35.156666666666666,22.333333333333332,43.333333333333336,52.07266666666666,13.066666666666666,16.266666666666666,79.27066666666666,1.2666666666666666,8.066666666666666,0.6133333333333335,2.8666666666666667,19.466666666666665,0.162,14.133333333333333,2.6666666666666665,94.13333333333334,77.8,21.4,42.4,14.0,35.06666666666667,13.2,21.866666666666667,11.333333333333334,13.2,0.8766666666666667,7.133333333333334,21.0,33.89933333333333,21.2,43.266666666666666,49.42333333333333,14.0,19.0,71.842,1.0,9.933333333333334,0.7853333333333332,1.2666666666666666,23.333333333333332,0.05666666666666666,13.2,3.466666666666667,81.26666666666667
80,77,2015-03-19,13,2,2014-2015,Brasília,Macaé Basquete,84.53333333333333,28.2,38.8,17.533333333333335,34.06666666666667,7.133333333333334,26.933333333333334,17.933333333333334,13.8,1.4046666666666667,9.4,24.2,39.123333333333335,19.4,35.53333333333333,55.38533333333333,17.533333333333335,22.266666666666666,78.17333333333333,1.8,7.2,0.5800000000000001,3.066666666666667,21.933333333333334,0.14333333333333337,13.8,2.2,97.33333333333333,78.0,21.2,39.46666666666667,17.333333333333332,33.2,9.6,23.6,12.4,14.4,0.9466666666666668,7.066666666666666,19.6,35.44799999999999,19.733333333333334,39.4,49.95733333333333,17.333333333333332,21.6,80.08066666666666,1.3333333333333333,8.4,0.6326666666666666,1.1333333333333333,20.8,0.06133333333333334,14.4,4.266666666666667,82.26666666666667
87,67,2015-03-20,13,2,2014-2015,Pinheiros,Sesi Franca,81.26666666666667,28.4,39.733333333333334,13.133333333333333,34.86666666666667,10.333333333333334,24.533333333333335,15.066666666666666,13.2,1.1913333333333334,9.466666666666667,25.866666666666667,37.077999999999996,19.866666666666667,38.666666666666664,51.55933333333333,13.133333333333333,17.4,75.55466666666666,1.7333333333333334,9.266666666666667,0.7259999999999999,3.066666666666667,20.866666666666667,0.15,13.2,3.1333333333333333,90.86666666666666,75.6,22.6,37.733333333333334,15.266666666666667,32.666666666666664,9.8,22.866666666666667,13.933333333333334,14.933333333333334,1.038,7.533333333333333,22.666666666666668,32.506666666666675,18.866666666666667,36.6,51.528000000000006,15.266666666666667,21.933333333333334,68.95066666666666,2.4,9.6,0.7040000000000001,2.8,22.266666666666666,0.12533333333333335,14.933333333333334,3.3333333333333335,80.13333333333334
73,68,2015-03-20,13,2,2014-2015,Rio Claro,Minas,82.2,25.6,40.666666666666664,15.933333333333334,29.2,7.866666666666666,21.333333333333332,16.8,13.933333333333334,1.3019999999999998,8.533333333333333,22.4,37.15933333333333,20.333333333333332,37.46666666666667,54.4,15.933333333333334,19.666666666666668,81.25133333333333,1.4666666666666666,10.4,0.7979999999999999,1.4,21.666666666666668,0.06666666666666667,13.933333333333334,3.066666666666667,91.33333333333333,75.73333333333333,23.6,37.733333333333334,14.4,35.0,10.066666666666666,24.933333333333334,16.466666666666665,13.0,1.3340000000000003,7.866666666666666,24.2,32.117333333333335,18.866666666666667,36.666666666666664,51.331999999999994,14.4,19.933333333333334,71.32333333333332,2.2666666666666666,8.933333333333334,0.73,1.3333333333333333,23.333333333333332,0.058000000000000024,13.0,2.8,84.8
83,64,2015-03-20,13,2,2014-2015,Limeira,Uberlândia,82.66666666666667,27.6,39.06666666666667,16.0,30.6,7.666666666666667,22.933333333333334,18.133333333333333,11.533333333333333,1.6973333333333331,9.2,22.2,41.604000000000006,19.533333333333335,36.6,53.37,16.0,20.133333333333333,77.986,2.2666666666666666,9.933333333333334,0.9099999999999999,3.2,19.533333333333335,0.168,11.533333333333333,2.3333333333333335,98.8,72.53333333333333,17.8,38.13333333333333,16.6,32.666666666666664,7.933333333333334,24.733333333333334,13.333333333333334,14.8,0.9766666666666667,5.933333333333334,20.266666666666666,29.39666666666666,19.066666666666666,37.2,51.888000000000005,16.6,20.266666666666666,81.78333333333335,1.2,9.533333333333333,0.7280000000000001,2.7333333333333334,21.466666666666665,0.13933333333333334,14.8,3.0,79.86666666666666
65,77,2015-03-20,13,2,2014-2015,Palmeiras,Bauru Basket,78.6,22.8,42.8,13.0,33.93333333333333,11.2,22.733333333333334,15.333333333333334,14.333333333333334,1.1413333333333335,7.6,23.933333333333334,31.880666666666663,21.4,39.86666666666667,53.64266666666666,13.0,18.2,72.454,2.533333333333333,10.733333333333333,0.7966666666666666,1.5333333333333334,19.333333333333332,0.08333333333333336,14.333333333333334,2.8,85.8,92.4,37.8,38.666666666666664,15.933333333333334,36.93333333333333,8.533333333333333,28.4,18.866666666666667,11.666666666666666,1.7386666666666666,12.6,30.6,41.58599999999999,19.333333333333332,32.53333333333333,59.524666666666675,15.933333333333334,19.666666666666668,80.02999999999999,1.5333333333333334,9.8,0.9153333333333332,2.066666666666667,17.8,0.1266666666666667,11.666666666666666,1.5333333333333334,113.46666666666667
95,106,2015-03-21,12,2,2014-2015,Brasília,Flamengo,85.26666666666667,28.4,40.0,16.866666666666667,33.666666666666664,6.866666666666666,26.8,18.266666666666666,13.666666666666666,1.4533333333333331,9.466666666666667,24.666666666666668,38.60133333333332,20.0,35.666666666666664,56.76666666666666,16.866666666666667,21.466666666666665,77.33999999999999,1.9333333333333333,7.0,0.5706666666666668,3.0,22.066666666666666,0.13799999999999998,13.666666666666666,2.066666666666667,98.06666666666666,88.66666666666667,30.6,41.333333333333336,16.733333333333334,37.266666666666666,10.4,26.866666666666667,17.8,12.733333333333333,1.4819999999999998,10.2,24.666666666666668,41.94200000000001,20.666666666666668,37.6,54.565333333333335,16.733333333333334,21.466666666666665,78.33733333333333,1.9333333333333333,8.933333333333334,0.7386666666666666,1.6666666666666667,18.666666666666668,0.09200000000000003,12.733333333333333,1.6,105.46666666666667
82,70,2015-03-24,11,2,2014-2015,Bauru Basket,Sesi Franca,91.26666666666667,36.2,38.53333333333333,16.533333333333335,36.86666666666667,8.266666666666667,28.6,18.666666666666668,11.8,1.7133333333333332,12.066666666666666,29.4,41.603333333333325,19.266666666666666,32.93333333333333,58.57200000000001,16.533333333333335,20.133333333333333,81.11666666666665,1.6666666666666667,9.733333333333333,0.906,2.2,17.6,0.134,11.8,1.7333333333333334,112.33333333333333,75.4,23.0,37.2,15.2,33.13333333333333,10.333333333333334,22.8,13.666666666666666,15.2,0.9766666666666667,7.666666666666667,22.866666666666667,32.824000000000005,18.6,36.46666666666667,51.044,15.2,22.066666666666666,67.98333333333333,2.2,9.533333333333333,0.6693333333333332,2.4,22.066666666666666,0.10600000000000001,15.2,3.4,79.0
103,105,2015-03-25,9,2,2014-2015,Macaé Basquete,Coop/São José Basketball,79.13333333333334,22.2,39.333333333333336,17.6,32.53333333333333,9.733333333333333,22.8,13.0,14.466666666666667,1.004,7.4,19.466666666666665,36.998666666666665,19.666666666666668,39.6,49.515333333333324,17.6,22.0,79.88399999999999,1.4666666666666666,8.4,0.6219999999999999,1.1333333333333333,20.933333333333334,0.06133333333333334,14.466666666666667,4.133333333333334,83.33333333333333,80.53333333333333,21.4,45.6,13.533333333333333,34.93333333333333,9.733333333333333,25.2,20.4,13.666666666666666,1.5833333333333333,7.133333333333334,19.733333333333334,35.72333333333333,22.8,43.4,53.08399999999999,13.533333333333333,16.8,79.38066666666667,1.1333333333333333,7.866666666666666,0.6120000000000002,2.8666666666666667,19.6,0.16133333333333336,13.666666666666666,2.6666666666666665,96.46666666666667
87,83,2015-03-25,9,2,2014-2015,Flamengo,Mogi,88.86666666666666,29.6,42.0,17.266666666666666,37.13333333333333,10.4,26.733333333333334,17.266666666666666,12.8,1.4126666666666665,9.866666666666667,24.533333333333335,40.75466666666667,21.0,37.8,55.26266666666667,17.266666666666666,22.333333333333332,78.24666666666667,1.9333333333333333,9.4,0.7833333333333333,1.6,19.0,0.08866666666666667,12.8,1.7333333333333334,104.93333333333334,88.06666666666666,24.4,43.86666666666667,19.8,37.8,12.8,25.0,16.333333333333332,13.2,1.3080000000000003,8.133333333333333,21.733333333333334,37.397333333333336,21.933333333333334,40.46666666666667,54.57466666666666,19.8,25.666666666666668,76.106,1.7333333333333334,9.266666666666667,0.7526666666666667,2.3333333333333335,24.4,0.10066666666666668,13.2,2.8,102.6
69,89,2015-03-27,12,2,2014-2015,Pinheiros,Bauru Basket,81.53333333333333,28.0,40.13333333333333,13.4,34.733333333333334,10.4,24.333333333333332,15.066666666666666,13.133333333333333,1.1966666666666668,9.333333333333334,24.933333333333334,37.79533333333333,20.066666666666666,39.666666666666664,51.02933333333332,13.4,17.933333333333334,75.10999999999999,1.7333333333333334,8.866666666666667,0.6980000000000001,2.933333333333333,21.0,0.14266666666666666,13.133333333333333,3.1333333333333333,90.26666666666667,91.2,34.6,39.86666666666667,16.733333333333334,37.0,8.466666666666667,28.533333333333335,18.266666666666666,11.8,1.6733333333333333,11.533333333333333,28.466666666666665,40.603333333333325,19.933333333333334,34.06666666666667,58.52333333333333,16.733333333333334,20.333333333333332,81.48666666666666,1.8,10.066666666666666,0.9393333333333334,1.8666666666666667,18.0,0.10933333333333334,11.8,2.0,111.93333333333334
89,95,2015-03-27,10,2,2014-2015,Macaé Basquete,Mogi,80.66666666666667,22.6,40.53333333333333,17.533333333333335,32.93333333333333,9.8,23.133333333333333,13.6,14.866666666666667,1.024,7.533333333333333,20.266666666666666,36.224666666666664,20.266666666666666,39.666666666666664,50.95133333333333,17.533333333333335,21.866666666666667,80.11066666666666,1.6,8.533333333333333,0.6186666666666666,1.2,21.533333333333335,0.064,14.866666666666667,4.066666666666666,85.6,89.06666666666666,24.4,45.2,19.466666666666665,37.333333333333336,12.2,25.133333333333333,16.8,12.733333333333333,1.398666666666667,8.133333333333333,21.733333333333334,37.397333333333336,22.6,40.8,55.68799999999999,19.466666666666665,25.866666666666667,74.22333333333333,2.2,9.6,0.8193333333333332,2.0,24.266666666666666,0.08800000000000002,12.733333333333333,2.533333333333333,103.86666666666666
93,88,2015-03-28,10,2,2014-2015,Flamengo,Coop/São José Basketball,88.86666666666666,30.0,41.6,17.266666666666666,37.53333333333333,10.733333333333333,26.8,17.733333333333334,12.466666666666667,1.5859999999999999,10.0,24.666666666666668,41.156,20.8,37.666666666666664,55.00133333333334,17.266666666666666,22.533333333333335,77.48133333333334,1.8,8.8,0.75,1.6666666666666667,18.866666666666667,0.09400000000000003,12.466666666666667,1.7333333333333334,105.33333333333333,80.46666666666667,19.6,48.266666666666666,12.6,35.53333333333333,10.333333333333334,25.2,20.333333333333332,13.333333333333334,1.6626666666666665,6.533333333333333,18.866666666666667,34.44133333333334,24.133333333333333,45.93333333333333,52.884,12.6,15.733333333333333,78.82533333333335,1.0666666666666667,7.666666666666667,0.6140000000000002,2.7333333333333334,19.066666666666666,0.15600000000000003,13.333333333333334,2.8,96.13333333333334
97,75,2015-03-31,14,2,2014-2015,Bauru Basket,Mogi,92.06666666666666,36.2,39.733333333333334,16.133333333333333,37.06666666666667,8.6,28.466666666666665,19.0,11.466666666666667,1.7833333333333334,12.066666666666666,29.066666666666666,41.407999999999994,19.866666666666667,33.666666666666664,59.07866666666667,16.133333333333333,19.666666666666668,81.00733333333334,1.8666666666666667,10.066666666666666,0.958,1.8,17.333333333333332,0.11066666666666668,11.466666666666667,1.8666666666666667,114.2,88.0,24.8,44.53333333333333,18.666666666666668,36.46666666666667,12.0,24.466666666666665,16.6,12.266666666666667,1.422666666666667,8.266666666666667,21.933333333333334,37.836000000000006,22.266666666666666,40.8,54.978666666666655,18.666666666666668,24.933333333333334,73.39933333333335,1.9333333333333333,9.2,0.812,1.9333333333333333,23.666666666666668,0.08533333333333334,12.266666666666667,2.466666666666667,101.4
99,74,2015-04-01,14,2,2014-2015,Flamengo,Rio Claro,90.6,30.0,43.06666666666667,17.533333333333335,38.0,10.533333333333333,27.466666666666665,18.266666666666666,12.2,1.672,10.0,24.8,40.822,21.533333333333335,38.0,56.40466666666667,17.533333333333335,23.2,76.41,1.8666666666666667,8.6,0.7493333333333333,1.6666666666666667,18.2,0.09800000000000002,12.2,1.6,108.0,81.46666666666667,24.8,40.8,15.866666666666667,28.933333333333334,8.133333333333333,20.8,16.133333333333333,13.533333333333333,1.2826666666666664,8.266666666666667,22.266666666666666,36.06866666666667,20.4,38.333333333333336,53.38133333333334,15.866666666666667,19.6,80.93400000000001,1.2666666666666666,10.466666666666667,0.8246666666666667,1.5333333333333334,22.0,0.07133333333333335,13.533333333333333,3.0,89.33333333333333
79,81,2015-04-01,14,2,2014-2015,Macaé Basquete,Limeira,78.93333333333334,21.4,40.0,17.533333333333335,33.4,10.2,23.2,13.4,14.4,1.0613333333333335,7.133333333333334,20.066666666666666,34.51866666666667,20.0,39.53333333333333,50.443333333333335,17.533333333333335,21.866666666666667,80.11066666666666,1.4,7.733333333333333,0.5773333333333334,1.2666666666666666,21.4,0.06733333333333333,14.4,4.133333333333334,83.53333333333333,82.26666666666667,28.0,38.266666666666666,16.0,30.8,8.133333333333333,22.666666666666668,17.933333333333334,11.333333333333334,1.7346666666666666,9.333333333333334,22.666666666666668,41.300666666666665,19.133333333333333,36.4,52.44066666666667,16.0,20.4,77.05,2.0,9.666666666666666,0.8973333333333334,3.0,19.666666666666668,0.15866666666666668,11.333333333333334,2.466666666666667,97.33333333333333
91,76,2015-04-01,14,2,2014-2015,L. Sorocabana,Brasília,78.8,22.2,42.266666666666666,14.333333333333334,34.733333333333334,13.666666666666666,21.066666666666666,11.8,12.533333333333333,1.0886666666666664,7.4,21.066666666666666,35.22533333333333,21.133333333333333,44.0,48.61133333333334,14.333333333333334,19.133333333333333,73.23066666666665,1.2,10.533333333333333,1.0426666666666664,1.2666666666666666,23.133333333333333,0.05866666666666666,12.533333333333333,3.3333333333333335,83.26666666666667,84.6,28.8,39.2,16.6,33.46666666666667,6.466666666666667,27.0,18.133333333333333,14.4,1.4,9.6,24.733333333333334,39.001333333333335,19.6,34.53333333333333,57.36799999999999,16.6,21.066666666666666,77.48266666666667,1.8666666666666667,6.8,0.5486666666666667,3.066666666666667,21.6,0.14533333333333334,14.4,2.066666666666667,97.13333333333334
86,78,2015-04-01,14,2,2014-2015,Paulistano,Fortaleza B. C. / CFO,83.0,22.0,43.733333333333334,17.266666666666666,37.93333333333333,12.8,25.133333333333333,13.333333333333334,11.533333333333333,1.3106666666666666,7.333333333333333,22.4,32.64266666666666,21.866666666666667,44.86666666666667,49.17066666666666,17.266666666666666,22.333333333333332,77.94866666666667,1.2,10.066666666666666,0.956,1.1333333333333333,21.733333333333334,0.05466666666666667,11.533333333333333,2.6666666666666665,90.8,77.93333333333334,26.4,37.86666666666667,13.666666666666666,34.13333333333333,10.933333333333334,23.2,13.066666666666666,12.733333333333333,1.04,8.8,27.8,32.07533333333333,18.933333333333334,35.93333333333333,52.57066666666667,13.666666666666666,20.066666666666666,67.95866666666667,1.0,9.666666666666666,0.7546666666666667,3.1333333333333333,19.2,0.17333333333333334,12.733333333333333,2.533333333333333,82.8
80,65,2015-04-01,14,2,2014-2015,Sesi Franca,Coop/São José Basketball,75.2,23.4,37.333333333333336,14.466666666666667,33.13333333333333,10.133333333333333,23.0,13.6,15.333333333333334,0.9580000000000001,7.8,22.4,34.182,18.666666666666668,36.333333333333336,51.34,14.466666666666667,21.066666666666666,66.50133333333333,2.2,9.466666666666667,0.6566666666666666,2.3333333333333335,21.666666666666668,0.10533333333333333,15.333333333333334,3.6,79.53333333333333,78.53333333333333,19.6,46.8,12.133333333333333,34.8,10.2,24.6,19.333333333333332,13.266666666666667,1.5959999999999999,6.533333333333333,18.933333333333334,34.36333333333334,23.4,45.2,52.196000000000005,12.133333333333333,15.2,78.60866666666666,1.0666666666666667,7.6,0.6113333333333334,2.7333333333333334,18.733333333333334,0.15733333333333333,13.266666666666667,2.8666666666666667,92.46666666666667
80,83,2015-04-01,14,2,2014-2015,Uberlândia,Pinheiros,73.33333333333333,18.4,38.666666666666664,16.266666666666666,32.8,7.933333333333334,24.866666666666667,13.933333333333334,15.066666666666666,0.9966666666666667,6.133333333333334,20.133333333333333,30.275999999999996,19.333333333333332,37.266666666666666,52.57066666666666,16.266666666666666,19.8,82.09133333333332,1.1333333333333333,9.266666666666667,0.6586666666666668,2.7333333333333334,21.466666666666665,0.13933333333333336,15.066666666666666,2.933333333333333,81.53333333333333,79.93333333333334,27.2,40.0,12.733333333333333,35.4,10.866666666666667,24.533333333333335,14.666666666666666,12.8,1.2013333333333336,9.066666666666666,24.866666666666667,36.741333333333344,20.0,40.0,50.356,12.733333333333333,17.2,74.732,1.6,8.4,0.6853333333333335,2.933333333333333,20.733333333333334,0.14466666666666667,12.8,3.066666666666667,88.26666666666667
68,73,2015-04-01,14,2,2014-2015,Minas,Palmeiras,74.93333333333334,23.0,37.46666666666667,14.466666666666667,34.4,9.733333333333333,24.666666666666668,16.733333333333334,13.266666666666667,1.328,7.666666666666667,24.266666666666666,30.976666666666667,18.733333333333334,36.266666666666666,51.56399999999999,14.466666666666667,19.866666666666667,71.97666666666667,2.2,9.266666666666667,0.75,1.2666666666666666,23.333333333333332,0.05466666666666667,13.266666666666667,2.6,83.8,78.4,23.0,42.53333333333333,12.866666666666667,34.06666666666667,11.2,22.866666666666667,15.866666666666667,14.733333333333333,1.15,7.666666666666667,23.533333333333335,32.80666666666666,21.266666666666666,39.8,53.368,12.866666666666667,18.066666666666666,72.27199999999999,2.533333333333333,11.266666666666667,0.8153333333333332,1.6,19.066666666666666,0.08800000000000001,14.733333333333333,2.7333333333333334,86.86666666666666
92,94,2015-04-03,15,2,2014-2015,Macaé Basquete,Rio Claro,79.4,21.0,40.666666666666664,17.733333333333334,33.6,10.4,23.2,13.6,14.6,1.052,7.0,19.6,34.95333333333333,20.333333333333332,40.266666666666666,50.29666666666667,17.733333333333334,22.0,80.62866666666666,1.4666666666666666,7.733333333333333,0.5666666666666667,1.4,22.066666666666666,0.07066666666666667,14.6,4.2,84.33333333333333,82.06666666666666,25.0,40.666666666666664,16.4,29.733333333333334,8.666666666666666,21.066666666666666,15.8,13.0,1.305333333333333,8.333333333333334,22.6,35.83466666666667,20.333333333333332,38.86666666666667,52.51200000000001,16.4,20.2,81.26,1.4,10.133333333333333,0.8266666666666667,1.4666666666666666,21.8,0.06866666666666668,13.0,3.066666666666667,89.6
86,70,2015-04-03,15,2,2014-2015,Flamengo,Limeira,91.2,30.8,43.333333333333336,17.066666666666666,37.93333333333333,10.666666666666666,27.266666666666666,18.6,12.066666666666666,1.7353333333333332,10.266666666666667,24.466666666666665,42.2,21.666666666666668,38.4,56.16133333333334,17.066666666666666,22.6,75.53266666666667,1.8666666666666667,8.6,0.7660000000000001,1.6666666666666667,17.8,0.10066666666666668,12.066666666666666,1.4666666666666666,109.46666666666667,81.73333333333333,27.0,39.333333333333336,15.4,31.6,8.333333333333334,23.266666666666666,17.6,11.266666666666667,1.714,9.0,22.666666666666668,39.912000000000006,19.666666666666668,37.13333333333333,52.93466666666667,15.4,19.666666666666668,77.30933333333334,1.9333333333333333,9.333333333333334,0.874,2.8,19.6,0.14866666666666664,11.266666666666667,2.4,96.4
89,81,2015-04-03,15,2,2014-2015,Paulistano,Brasília,82.66666666666667,21.8,44.53333333333333,16.333333333333332,38.0,12.733333333333333,25.266666666666666,13.066666666666666,12.0,1.2453333333333336,7.266666666666667,22.133333333333333,32.809333333333335,22.266666666666666,45.6,49.260666666666665,16.333333333333332,21.266666666666666,77.818,1.2666666666666666,10.466666666666667,0.9553333333333335,0.9333333333333333,21.333333333333332,0.044666666666666674,12.0,2.6666666666666665,90.0,84.26666666666667,29.0,39.2,16.066666666666666,33.333333333333336,6.6,26.733333333333334,17.933333333333334,14.6,1.3673333333333333,9.666666666666666,24.8,39.17066666666667,19.6,34.46666666666667,57.461999999999996,16.066666666666666,20.466666666666665,77.518,2.2,7.266666666666667,0.572,3.0,21.2,0.14733333333333334,14.6,2.1333333333333333,96.8
86,82,2015-04-03,15,2,2014-2015,L. Sorocabana,Fortaleza B. C. / CFO,79.33333333333333,22.4,42.666666666666664,14.266666666666667,35.666666666666664,14.4,21.266666666666666,11.733333333333333,12.6,1.0773333333333333,7.466666666666667,20.866666666666667,36.03666666666666,21.333333333333332,44.666666666666664,48.28133333333334,14.266666666666667,18.733333333333334,73.91666666666667,1.2,10.333333333333334,1.0206666666666666,1.4666666666666666,22.4,0.072,12.6,3.3333333333333335,84.73333333333333,78.06666666666666,26.8,38.8,12.466666666666667,34.13333333333333,11.2,22.933333333333334,13.533333333333333,12.6,1.0826666666666667,8.933333333333334,27.6,32.76666666666667,19.4,36.4,53.205999999999996,12.466666666666667,18.466666666666665,67.58866666666667,1.0,9.333333333333334,0.7379999999999999,3.1333333333333333,19.066666666666666,0.17400000000000002,12.6,2.6666666666666665,83.93333333333334
74,78,2015-04-03,15,2,2014-2015,Sesi Franca,Mogi,74.66666666666667,23.0,37.733333333333334,13.933333333333334,33.86666666666667,10.533333333333333,23.333333333333332,13.533333333333333,15.733333333333333,0.9306666666666668,7.666666666666667,22.2,34.02333333333333,18.866666666666667,37.266666666666666,50.731333333333325,13.933333333333334,20.2,66.90333333333334,2.3333333333333335,9.4,0.6406666666666666,2.6,22.066666666666666,0.11266666666666668,15.733333333333333,3.8,79.13333333333334,87.33333333333333,24.0,43.733333333333334,19.6,36.666666666666664,12.4,24.266666666666666,16.266666666666666,12.866666666666667,1.3419999999999999,8.0,21.866666666666667,36.724666666666664,21.866666666666667,40.4,54.40466666666667,19.6,26.0,73.66,1.5333333333333334,9.4,0.788,2.0,23.533333333333335,0.08933333333333335,12.866666666666667,2.933333333333333,99.93333333333334
104,96,2015-04-03,15,2,2014-2015,Bauru Basket,Coop/São José Basketball,92.8,35.8,40.13333333333333,16.866666666666667,37.0,9.0,28.0,19.133333333333333,11.333333333333334,1.8386666666666664,11.933333333333334,28.8,41.33866666666667,20.066666666666666,34.06666666666667,58.914,16.866666666666667,20.466666666666665,81.35,1.7333333333333334,10.266666666666667,0.9946666666666665,1.8,17.0,0.11200000000000002,11.333333333333334,1.7333333333333334,115.2,80.2,20.2,47.733333333333334,12.266666666666667,34.6,10.4,24.2,19.6,13.6,1.5433333333333332,6.733333333333333,18.933333333333334,35.53999999999999,23.866666666666667,45.0,53.39666666666666,12.266666666666667,15.133333333333333,79.91066666666666,0.9333333333333333,7.533333333333333,0.5740000000000001,2.8,18.8,0.16133333333333333,13.6,2.8666666666666667,94.93333333333334
87,110,2015-04-03,15,2,2014-2015,Minas,Pinheiros,75.53333333333333,23.0,38.0,14.533333333333333,33.6,9.466666666666667,24.133333333333333,16.733333333333334,12.933333333333334,1.3873333333333335,7.666666666666667,24.066666666666666,31.324666666666666,19.0,36.4,52.025333333333336,14.533333333333333,20.0,71.77,2.4,9.2,0.7806666666666665,1.4,23.2,0.06200000000000001,12.933333333333334,2.533333333333333,84.26666666666667,81.33333333333333,30.4,38.4,12.533333333333333,35.06666666666667,10.666666666666666,24.4,14.933333333333334,12.6,1.2393333333333332,10.133333333333333,25.466666666666665,39.654666666666664,19.2,39.13333333333333,49.462,12.533333333333333,16.666666666666668,75.54133333333333,1.6666666666666667,8.133333333333333,0.672,2.6666666666666665,21.133333333333333,0.12866666666666665,12.6,2.8,90.13333333333334
82,78,2015-04-03,15,2,2014-2015,Uberlândia,Palmeiras,74.66666666666667,20.0,38.13333333333333,16.533333333333335,32.2,8.0,24.2,14.666666666666666,14.533333333333333,1.0666666666666667,6.666666666666667,20.666666666666668,31.895333333333333,19.066666666666666,37.13333333333333,51.958,16.533333333333335,20.333333333333332,81.17999999999999,1.2,9.4,0.682,2.6,22.333333333333332,0.12666666666666668,14.533333333333333,2.933333333333333,83.13333333333334,78.33333333333333,23.8,41.46666666666667,13.066666666666666,33.4,11.0,22.4,15.933333333333334,14.733333333333333,1.154,7.933333333333334,23.4,34.321999999999996,20.733333333333334,39.266666666666666,52.71266666666668,13.066666666666666,18.733333333333334,71.12466666666667,2.4,11.666666666666666,0.8393333333333334,1.6666666666666667,19.466666666666665,0.09000000000000001,14.733333333333333,2.8,86.6
75,76,2015-04-07,1,3,2014-2015,Paulistano,Coop/São José Basketball,82.33333333333333,21.6,44.93333333333333,15.8,37.2,12.133333333333333,25.066666666666666,13.4,11.733333333333333,1.3093333333333335,7.2,21.933333333333334,32.760666666666665,22.466666666666665,45.333333333333336,49.89133333333333,15.8,20.866666666666667,76.62466666666667,1.3333333333333333,10.4,0.972,1.0,20.6,0.04866666666666668,11.733333333333333,2.466666666666667,89.93333333333334,80.2,21.8,47.06666666666667,11.333333333333334,34.666666666666664,10.066666666666666,24.6,19.6,13.2,1.5693333333333335,7.266666666666667,19.0,39.032,23.533333333333335,44.93333333333333,52.736,11.333333333333334,14.0,79.57733333333333,0.9333333333333333,7.2,0.564,2.8666666666666667,18.866666666666667,0.16533333333333333,13.2,2.7333333333333334,95.53333333333333
79,74,2015-04-08,1,3,2014-2015,Sesi Franca,Palmeiras,73.86666666666666,24.0,35.86666666666667,14.0,33.333333333333336,10.133333333333333,23.2,13.2,16.533333333333335,0.8240000000000001,8.0,21.866666666666667,35.93866666666667,17.933333333333334,36.4,49.23266666666667,14.0,19.933333333333334,68.23,2.4,9.266666666666667,0.584,2.7333333333333334,21.8,0.12266666666666667,16.533333333333335,4.066666666666666,77.6,76.53333333333333,24.0,40.13333333333333,12.4,33.2,10.666666666666666,22.533333333333335,15.8,14.866666666666667,1.1226666666666665,8.0,23.6,34.212666666666664,20.066666666666666,38.733333333333334,51.851333333333336,12.4,18.333333333333332,69.458,2.2666666666666666,11.866666666666667,0.8426666666666667,1.8,19.6,0.09666666666666668,14.866666666666667,2.8,84.13333333333334
91,95,2015-04-09,1,3,2014-2015,Pinheiros,Brasília,83.33333333333333,31.2,38.666666666666664,13.466666666666667,35.266666666666666,11.133333333333333,24.133333333333333,15.6,12.8,1.2913333333333332,10.4,25.2,41.30266666666667,19.333333333333332,39.86666666666667,49.03066666666667,13.466666666666667,17.933333333333334,75.19800000000001,1.6666666666666667,8.4,0.6833333333333333,2.6666666666666665,21.866666666666667,0.12533333333333332,12.8,2.8666666666666667,92.66666666666667,85.66666666666667,29.0,39.733333333333334,16.933333333333334,33.4,7.066666666666666,26.333333333333332,17.733333333333334,14.466666666666667,1.3613333333333333,9.666666666666666,24.4,39.73533333333333,19.866666666666667,35.06666666666667,57.31333333333334,16.933333333333334,21.066666666666666,79.48466666666667,2.2666666666666666,7.066666666666666,0.5619999999999998,3.0,21.6,0.14533333333333334,14.466666666666667,2.1333333333333333,98.33333333333333
72,67,2015-04-09,2,3,2014-2015,Paulistano,Coop/São José Basketball,81.73333333333333,21.0,44.666666666666664,16.066666666666666,37.86666666666667,12.4,25.466666666666665,13.266666666666667,12.0,1.2766666666666666,7.0,21.666666666666668,32.181333333333335,22.333333333333332,45.46666666666667,49.45666666666668,16.066666666666666,21.133333333333333,76.73,1.6,10.6,0.9726666666666667,1.0,20.466666666666665,0.04866666666666668,12.0,2.466666666666667,89.6,79.06666666666666,21.2,47.2,10.666666666666666,35.06666666666667,10.333333333333334,24.733333333333334,19.133333333333333,13.2,1.5333333333333334,7.066666666666666,19.133333333333333,37.99666666666667,23.6,44.93333333333333,52.89133333333333,10.666666666666666,13.8,76.15999999999998,0.9333333333333333,7.4,0.5793333333333333,2.933333333333333,18.8,0.16933333333333336,13.2,2.8666666666666667,93.86666666666666
90,78,2015-04-10,1,3,2014-2015,Minas,Macaé Basquete,75.46666666666667,22.2,38.0,15.266666666666667,33.13333333333333,9.066666666666666,24.066666666666666,16.933333333333334,12.733333333333333,1.4393333333333336,7.4,23.266666666666666,31.444,19.0,36.2,52.30266666666667,15.266666666666667,21.466666666666665,70.60600000000001,2.3333333333333335,9.066666666666666,0.7859999999999999,1.4666666666666666,23.533333333333335,0.06400000000000002,12.733333333333333,2.3333333333333335,84.06666666666666,79.26666666666667,21.6,39.46666666666667,18.2,33.0,10.4,22.6,13.466666666666667,14.533333333333333,1.048,7.2,19.933333333333334,35.63666666666667,19.733333333333334,39.53333333333333,49.748666666666665,18.2,22.466666666666665,80.97866666666665,1.4,8.133333333333333,0.6013333333333333,1.2666666666666666,22.733333333333334,0.06266666666666668,14.533333333333333,4.133333333333334,83.8
81,64,2015-04-10,2,3,2014-2015,Sesi Franca,Palmeiras,75.13333333333334,25.6,35.86666666666667,13.666666666666666,33.06666666666667,9.866666666666667,23.2,13.533333333333333,17.066666666666666,0.8086666666666669,8.533333333333333,22.133333333333333,38.47866666666667,17.933333333333334,35.46666666666667,50.80399999999999,13.666666666666666,19.466666666666665,68.23,2.4,8.933333333333334,0.5333333333333333,2.8666666666666667,21.6,0.13,17.066666666666666,3.933333333333333,79.53333333333333,75.53333333333333,23.6,39.46666666666667,12.466666666666667,33.4,11.266666666666667,22.133333333333333,15.8,14.666666666666666,1.1406666666666667,7.866666666666666,24.133333333333333,32.784,19.733333333333334,38.86666666666667,50.83000000000001,12.466666666666667,18.4,69.53133333333334,2.533333333333333,11.8,0.8533333333333334,1.7333333333333334,19.666666666666668,0.09333333333333334,14.666666666666666,2.8,82.26666666666667
96,90,2015-04-11,2,3,2014-2015,Pinheiros,Brasília,85.26666666666667,30.8,39.46666666666667,15.0,35.0,11.066666666666666,23.933333333333334,15.733333333333333,12.266666666666667,1.3419999999999999,10.266666666666667,24.533333333333335,41.56866666666667,19.733333333333334,40.333333333333336,49.455333333333336,15.0,19.666666666666668,76.05266666666667,1.6666666666666667,8.266666666666667,0.6993333333333334,2.2,22.2,0.10266666666666667,12.266666666666667,2.8,94.66666666666667,86.73333333333333,28.6,40.8,17.333333333333332,32.46666666666667,6.4,26.066666666666666,17.666666666666668,14.6,1.3466666666666665,9.533333333333333,23.533333333333335,40.14066666666667,20.4,35.53333333333333,58.00733333333333,17.333333333333332,21.066666666666666,81.08466666666666,2.1333333333333333,7.4,0.5826666666666666,2.933333333333333,21.933333333333334,0.1406666666666667,14.6,2.2,99.73333333333333
80,81,2015-04-12,2,3,2014-2015,Minas,Macaé Basquete,76.4,22.4,38.4,15.6,33.666666666666664,9.533333333333333,24.133333333333333,16.666666666666668,13.066666666666666,1.3813333333333335,7.466666666666667,23.533333333333335,31.416666666666664,19.2,36.733333333333334,52.202,15.6,22.133333333333333,70.12533333333334,2.2666666666666666,9.466666666666667,0.7973333333333332,1.3333333333333333,23.6,0.05933333333333334,13.066666666666666,2.2666666666666666,84.33333333333333,79.6,21.2,39.46666666666667,18.933333333333334,33.06666666666667,10.333333333333334,22.733333333333334,12.733333333333333,14.8,1.0013333333333334,7.066666666666666,20.0,34.843333333333334,19.733333333333334,39.2,50.17600000000001,18.933333333333334,23.2,81.398,1.3333333333333333,8.4,0.61,1.2666666666666666,23.733333333333334,0.05666666666666667,14.8,4.333333333333333,83.6
85,74,2015-04-13,3,3,2014-2015,Coop/São José Basketball,Paulistano,80.06666666666666,21.4,47.46666666666667,11.2,34.86666666666667,10.533333333333333,24.333333333333332,19.2,12.6,1.5873333333333335,7.133333333333334,19.666666666666668,37.072,23.733333333333334,44.86666666666667,53.31866666666667,11.2,14.333333333333334,76.57600000000001,0.9333333333333333,7.466666666666667,0.6046666666666666,3.1333333333333333,18.733333333333334,0.17800000000000005,12.6,2.8666666666666667,95.33333333333333,82.06666666666666,21.0,44.666666666666664,16.4,38.06666666666667,12.466666666666667,25.6,13.266666666666667,12.666666666666666,1.24,7.0,21.2,32.982,22.333333333333332,45.266666666666666,49.68933333333333,16.4,21.733333333333334,75.95800000000001,1.5333333333333334,10.333333333333334,0.9193333333333334,1.0666666666666667,20.866666666666667,0.05133333333333335,12.666666666666666,2.8666666666666667,89.66666666666667
82,76,2015-04-14,3,3,2014-2015,Brasília,Pinheiros,87.26666666666667,28.8,41.6,16.866666666666667,32.6,6.8,25.8,17.533333333333335,14.666666666666666,1.3313333333333333,9.6,23.466666666666665,40.443999999999996,20.8,35.86666666666667,58.77799999999999,16.866666666666667,20.533333333333335,81.00066666666666,2.2666666666666666,7.666666666666667,0.6006666666666666,3.1333333333333333,22.266666666666666,0.14866666666666667,14.666666666666666,2.2666666666666666,100.93333333333334,85.53333333333333,31.0,39.6,14.933333333333334,34.4,10.2,24.2,15.666666666666666,12.6,1.3199999999999998,10.333333333333334,23.8,43.141333333333336,19.8,39.86666666666667,50.12066666666667,14.933333333333334,19.666666666666668,75.71933333333332,1.7333333333333334,7.933333333333334,0.648,2.4,22.266666666666666,0.11133333333333333,12.6,2.8666666666666667,95.06666666666666
80,73,2015-04-14,3,3,2014-2015,Palmeiras,Sesi Franca,76.33333333333333,23.4,39.733333333333334,13.2,33.733333333333334,11.333333333333334,22.4,15.666666666666666,14.266666666666667,1.1580000000000001,7.8,23.6,33.166666666666664,19.866666666666667,39.333333333333336,50.58666666666668,13.2,19.333333333333332,69.25333333333333,2.7333333333333334,11.6,0.8540000000000002,1.6666666666666667,19.8,0.08866666666666669,14.266666666666667,2.7333333333333334,83.33333333333333,75.06666666666666,26.0,35.6,13.466666666666667,32.333333333333336,9.4,22.933333333333334,13.666666666666666,17.0,0.8206666666666667,8.666666666666666,21.933333333333334,39.26666666666667,17.8,35.13333333333333,50.97533333333333,13.466666666666667,19.2,68.01866666666668,2.6,8.8,0.5273333333333333,2.8666666666666667,21.866666666666667,0.128,17.0,3.933333333333333,79.4
91,62,2015-04-15,3,3,2014-2015,Macaé Basquete,Minas,81.06666666666666,22.0,40.0,19.066666666666666,33.6,10.066666666666666,23.533333333333335,13.333333333333334,15.333333333333334,1.0046666666666668,7.333333333333333,20.133333333333333,35.904,20.0,38.86666666666667,51.32333333333334,19.066666666666666,22.933333333333334,82.94733333333333,1.2666666666666666,8.466666666666667,0.588,1.4,24.266666666666666,0.061333333333333344,15.333333333333334,4.333333333333333,87.0,74.53333333333333,21.2,37.46666666666667,15.866666666666667,32.46666666666667,9.333333333333334,23.133333333333333,15.666666666666666,13.6,1.2546666666666666,7.066666666666666,23.0,30.45533333333333,18.733333333333334,36.666666666666664,51.18,15.866666666666667,22.733333333333334,69.44933333333333,2.2,9.8,0.7919999999999999,1.2,23.333333333333332,0.05466666666666666,13.6,2.4,79.33333333333333
74,65,2015-04-15,4,3,2014-2015,Coop/São José Basketball,Paulistano,79.26666666666667,21.6,46.0,11.666666666666666,35.6,10.6,25.0,18.733333333333334,12.533333333333333,1.5546666666666666,7.2,19.8,37.156,23.0,44.4,52.18533333333333,11.666666666666666,15.266666666666667,75.37933333333334,0.8666666666666667,7.0,0.5679999999999998,3.3333333333333335,19.133333333333333,0.18200000000000002,12.533333333333333,2.533333333333333,93.8,80.46666666666667,20.6,44.0,15.866666666666667,38.53333333333333,12.466666666666667,26.066666666666666,13.133333333333333,13.066666666666666,1.1846666666666665,6.866666666666666,20.8,32.830666666666666,22.0,44.86666666666667,49.382666666666665,15.866666666666667,21.266666666666666,74.94800000000002,1.6,10.066666666666666,0.8246666666666669,1.0,20.666666666666668,0.04866666666666668,13.066666666666666,3.2666666666666666,87.93333333333334
93,81,2015-04-16,4,3,2014-2015,Brasília,Pinheiros,87.66666666666667,29.2,42.13333333333333,16.333333333333332,32.666666666666664,7.133333333333334,25.533333333333335,17.466666666666665,14.4,1.3419999999999999,9.733333333333333,23.266666666666666,41.37733333333334,21.066666666666666,36.8,57.829333333333324,16.333333333333332,19.933333333333334,80.90066666666667,2.2666666666666666,7.666666666666667,0.6073333333333333,3.466666666666667,21.8,0.16533333333333333,14.4,2.2,101.66666666666667,85.53333333333333,30.0,40.8,14.733333333333333,34.8,10.6,24.2,15.866666666666667,12.666666666666666,1.3286666666666667,10.0,23.2,42.506,20.4,41.0,50.150666666666666,14.733333333333333,19.266666666666666,76.10933333333334,1.8666666666666667,7.933333333333334,0.6406666666666666,2.466666666666667,21.733333333333334,0.11733333333333335,12.666666666666666,2.8666666666666667,95.6
63,56,2015-04-16,4,3,2014-2015,Palmeiras,Sesi Franca,73.93333333333334,21.6,38.666666666666664,13.666666666666666,33.86666666666667,11.133333333333333,22.733333333333334,15.066666666666666,14.733333333333333,1.0886666666666664,7.2,23.2,31.243333333333332,19.333333333333332,38.733333333333334,50.053333333333335,13.666666666666666,19.933333333333334,69.67733333333334,2.6666666666666665,11.8,0.8533333333333334,1.5333333333333334,20.6,0.07733333333333335,14.733333333333333,3.066666666666667,79.8,74.33333333333333,26.6,34.53333333333333,13.2,33.2,9.933333333333334,23.266666666666666,13.666666666666666,17.2,0.814,8.866666666666667,22.866666666666667,39.35,17.266666666666666,34.4,50.55333333333333,13.2,19.333333333333332,66.32199999999999,2.6,9.4,0.5606666666666666,3.0,22.066666666666666,0.134,17.2,4.266666666666667,79.13333333333334
92,86,2015-04-17,4,3,2014-2015,Macaé Basquete,Minas,82.8,23.8,39.86666666666667,19.133333333333333,33.6,10.066666666666666,23.533333333333335,14.2,15.266666666666667,1.0673333333333335,7.933333333333334,20.666666666666668,37.756,19.933333333333334,37.93333333333333,52.887333333333345,19.133333333333333,23.2,82.3,1.3333333333333333,8.0,0.5586666666666666,1.2666666666666666,24.4,0.05466666666666666,15.266666666666667,4.2,89.8,75.0,20.8,38.666666666666664,15.533333333333333,32.266666666666666,9.266666666666667,23.0,15.733333333333333,13.4,1.3213333333333332,6.933333333333334,22.533333333333335,30.479999999999997,19.333333333333332,36.86666666666667,52.42466666666667,15.533333333333333,22.666666666666668,68.4,2.0,9.666666666666666,0.818,1.2666666666666666,23.0,0.05799999999999999,13.4,2.533333333333333,80.26666666666667
73,64,2015-04-19,5,3,2014-2015,Sesi Franca,Palmeiras,73.93333333333334,26.0,34.266666666666666,13.666666666666666,33.53333333333333,10.333333333333334,23.2,13.466666666666667,17.4,0.794,8.666666666666666,22.733333333333334,38.60933333333333,17.133333333333333,34.13333333333333,50.55333333333333,13.666666666666666,19.866666666666667,66.63533333333332,2.533333333333333,9.8,0.5766666666666667,3.3333333333333335,22.066666666666666,0.1486666666666667,17.4,4.466666666666667,79.4,74.06666666666666,22.0,38.0,14.066666666666666,34.0,11.333333333333334,22.666666666666668,15.266666666666667,14.733333333333333,1.1006666666666667,7.333333333333333,22.866666666666667,32.31066666666666,19.0,38.8,49.086000000000006,14.066666666666666,20.133333333333333,71.23266666666667,2.6666666666666665,11.733333333333333,0.8493333333333334,1.4,21.266666666666666,0.06933333333333333,14.733333333333333,2.8,80.33333333333333
93,76,2015-04-22,1,4,2014-2015,Limeira,Brasília,82.0,26.8,39.86666666666667,15.333333333333334,31.466666666666665,8.866666666666667,22.6,18.0,11.333333333333334,1.7386666666666668,8.933333333333334,22.133333333333333,40.523999999999994,19.933333333333334,37.333333333333336,53.28733333333332,15.333333333333334,19.533333333333335,77.59333333333333,2.066666666666667,9.666666666666666,0.896,2.6666666666666665,19.533333333333335,0.14333333333333334,11.333333333333334,2.4,97.66666666666667,86.8,28.4,42.13333333333333,16.266666666666666,32.0,7.466666666666667,24.533333333333335,17.2,14.666666666666666,1.306,9.466666666666667,22.733333333333334,40.99066666666668,21.066666666666666,37.06666666666667,57.38,16.266666666666666,20.133333333333333,79.626,2.0,7.666666666666667,0.5973333333333333,3.466666666666667,22.2,0.16,14.666666666666666,2.1333333333333333,99.33333333333333
85,62,2015-04-23,1,4,2014-2015,Flamengo,Coop/São José Basketball,90.4,30.4,43.333333333333336,16.666666666666668,38.0,10.8,27.2,18.133333333333333,12.0,1.698,10.133333333333333,24.066666666666666,42.269999999999996,21.666666666666668,38.666666666666664,55.80933333333333,16.666666666666668,22.466666666666665,74.09533333333334,2.1333333333333333,8.8,0.7973333333333332,1.6,18.066666666666666,0.09466666666666666,12.0,1.4666666666666666,108.2,78.33333333333333,21.4,45.46666666666667,11.466666666666667,35.333333333333336,10.466666666666667,24.866666666666667,18.333333333333332,12.4,1.54,7.133333333333334,19.6,37.10733333333333,22.733333333333334,44.46666666666667,51.44533333333333,11.466666666666667,15.066666666666666,74.99000000000001,0.8666666666666667,6.666666666666667,0.5506666666666666,2.8666666666666667,19.0,0.16,12.4,2.6666666666666665,91.33333333333333
84,72,2015-04-23,1,4,2014-2015,Mogi,Macaé Basquete,87.2,24.2,43.86666666666667,19.133333333333333,36.6,12.4,24.2,16.466666666666665,13.333333333333334,1.32,8.066666666666666,21.533333333333335,37.532666666666664,21.933333333333334,41.06666666666667,53.51599999999999,19.133333333333333,25.533333333333335,73.14133333333332,1.4666666666666666,9.933333333333334,0.8006666666666666,2.0,23.8,0.08666666666666668,13.333333333333334,2.8666666666666667,99.8,82.33333333333333,24.2,39.06666666666667,19.066666666666666,33.6,9.666666666666666,23.933333333333334,14.4,15.933333333333334,1.046,8.066666666666666,20.733333333333334,38.20266666666667,19.533333333333335,37.53333333333333,52.178000000000004,19.066666666666666,22.866666666666667,83.37866666666667,1.3333333333333333,8.466666666666667,0.5673333333333335,1.3333333333333333,24.333333333333332,0.05733333333333333,15.933333333333334,4.2,89.73333333333333
82,55,2015-04-24,1,4,2014-2015,Bauru Basket,Sesi Franca,92.6,34.8,40.666666666666664,17.133333333333333,37.46666666666667,9.0,28.466666666666665,18.933333333333334,11.4,1.812,11.6,27.666666666666668,41.64533333333332,20.333333333333332,34.266666666666666,59.34466666666666,17.133333333333333,20.666666666666668,81.93200000000002,1.6,9.733333333333333,0.9439999999999998,1.8,17.0,0.11200000000000002,11.4,1.8,115.6,72.8,25.0,34.13333333333333,13.666666666666666,33.2,9.866666666666667,23.333333333333332,13.4,16.8,0.8286666666666667,8.333333333333334,22.6,37.391333333333336,17.066666666666666,34.6,49.75,13.666666666666666,19.6,68.08333333333333,2.2,9.733333333333333,0.5986666666666667,3.2,22.2,0.14133333333333334,16.8,4.2,77.8
85,93,2015-04-24,2,4,2014-2015,Limeira,Brasília,82.8,27.0,39.333333333333336,16.466666666666665,30.866666666666667,8.933333333333334,21.933333333333334,17.933333333333334,11.733333333333333,1.6813333333333336,9.0,22.666666666666668,39.86466666666667,19.666666666666668,36.6,53.649333333333324,16.466666666666665,20.733333333333334,78.982,1.8666666666666667,9.933333333333334,0.8946666666666665,2.466666666666667,20.4,0.13066666666666665,11.733333333333333,2.4,97.4,85.93333333333334,28.4,40.8,16.733333333333334,31.666666666666668,7.466666666666667,24.2,17.066666666666666,15.2,1.2226666666666663,9.466666666666667,22.333333333333332,41.916666666666664,20.4,36.13333333333333,57.071999999999996,16.733333333333334,20.2,81.24666666666667,1.8666666666666667,7.8,0.5726666666666667,3.6,22.733333333333334,0.164,15.2,2.2666666666666666,98.8
76,82,2015-04-25,2,4,2014-2015,Flamengo,Coop/São José Basketball,88.93333333333334,29.4,42.666666666666664,16.866666666666667,37.6,10.333333333333334,27.266666666666666,17.2,11.333333333333334,1.716,9.8,24.733333333333334,39.91066666666667,21.333333333333332,37.93333333333333,56.11266666666666,16.866666666666667,22.333333333333332,75.21133333333334,1.9333333333333333,8.6,0.83,1.5333333333333334,18.133333333333333,0.09000000000000001,11.333333333333334,1.5333333333333334,105.53333333333333,78.93333333333334,21.6,45.46666666666667,11.866666666666667,35.13333333333333,10.333333333333334,24.8,17.8,11.933333333333334,1.5746666666666667,7.2,19.8,37.10733333333334,22.733333333333334,44.4,51.537333333333336,11.866666666666667,15.466666666666667,76.06133333333332,0.9333333333333333,6.533333333333333,0.5573333333333333,2.7333333333333334,19.133333333333333,0.15266666666666664,11.933333333333334,2.3333333333333335,91.33333333333333
84,89,2015-04-25,2,4,2014-2015,Mogi,Macaé Basquete,87.73333333333333,24.4,44.93333333333333,18.4,36.13333333333333,12.866666666666667,23.266666666666666,16.133333333333333,13.6,1.272,8.133333333333333,21.533333333333335,37.86599999999999,22.466666666666665,42.13333333333333,53.425999999999995,18.4,24.6,73.03,1.4,10.2,0.8086666666666668,2.1333333333333333,23.866666666666667,0.09266666666666669,13.6,2.7333333333333334,99.4,82.6,24.8,39.2,18.6,33.13333333333333,9.8,23.333333333333332,14.733333333333333,15.733333333333333,1.074,8.266666666666667,20.8,38.980000000000004,19.6,37.53333333333333,52.374,18.6,22.333333333333332,83.25800000000001,1.3333333333333333,8.666666666666666,0.5860000000000001,1.3333333333333333,24.066666666666666,0.05733333333333333,15.733333333333333,4.066666666666666,90.53333333333333
71,74,2015-04-26,2,4,2014-2015,Bauru Basket,Sesi Franca,90.06666666666666,33.2,39.6,17.266666666666666,37.0,8.866666666666667,28.133333333333333,18.4,11.533333333333333,1.7406666666666666,11.066666666666666,27.4,40.51066666666667,19.8,33.666666666666664,58.54,17.266666666666666,20.733333333333334,82.48733333333334,1.5333333333333334,9.4,0.9053333333333332,1.8666666666666667,17.2,0.11533333333333334,11.533333333333333,1.9333333333333333,111.53333333333333,72.0,25.4,34.13333333333333,12.466666666666667,34.13333333333333,10.266666666666667,23.866666666666667,13.666666666666666,16.066666666666666,0.9253333333333332,8.466666666666667,22.8,37.66266666666666,17.066666666666666,35.333333333333336,48.617333333333335,12.466666666666667,18.466666666666665,66.37866666666666,2.0,9.733333333333333,0.6466666666666667,3.0,21.733333333333334,0.13466666666666666,16.066666666666666,4.0,77.86666666666666
83,98,2015-04-27,3,4,2014-2015,Brasília,Limeira,86.26666666666667,29.4,39.86666666666667,17.0,30.866666666666667,7.8,23.066666666666666,16.733333333333334,15.133333333333333,1.2066666666666663,9.8,22.666666666666668,43.04466666666667,19.933333333333334,35.8,56.42399999999999,17.0,20.333333333333332,82.64533333333333,1.8666666666666667,7.666666666666667,0.5666666666666667,3.6,23.2,0.16133333333333333,15.133333333333333,2.3333333333333335,97.93333333333334,84.73333333333333,28.0,39.6,17.133333333333333,30.4,8.666666666666666,21.733333333333334,18.0,11.466666666666667,1.7033333333333334,9.333333333333334,22.866666666666667,41.00933333333333,19.8,36.46666666666667,54.19533333333334,17.133333333333333,21.066666666666666,80.91400000000002,2.0,10.066666666666666,0.9166666666666665,2.6,20.6,0.136,11.466666666666667,2.6,100.2
68,86,2015-04-28,3,4,2014-2015,Coop/São José Basketball,Flamengo,79.0,21.8,45.6,11.6,35.13333333333333,10.6,24.533333333333335,17.4,12.266666666666667,1.5079999999999998,7.266666666666667,20.066666666666666,37.10733333333334,22.8,43.93333333333333,52.24999999999999,11.6,15.333333333333334,74.712,0.8,6.266666666666667,0.5146666666666666,2.8666666666666667,19.066666666666666,0.1613333333333333,12.266666666666667,2.3333333333333335,90.73333333333333,89.06666666666666,30.0,43.2,15.866666666666667,37.266666666666666,10.066666666666666,27.2,17.466666666666665,11.2,1.7519999999999998,10.0,24.8,40.57533333333334,21.6,37.86666666666667,56.94333333333334,15.866666666666667,21.066666666666666,75.694,2.2,8.933333333333334,0.8653333333333333,1.5333333333333334,18.0,0.09066666666666669,11.2,1.5333333333333334,106.8
76,89,2015-04-29,4,4,2014-2015,Brasília,Limeira,84.73333333333333,27.4,41.333333333333336,16.0,31.8,9.066666666666666,22.733333333333334,16.133333333333333,14.6,1.2319999999999995,9.133333333333333,22.0,41.464000000000006,20.666666666666668,38.06666666666667,55.00933333333334,16.0,19.266666666666666,81.70666666666666,2.1333333333333333,8.0,0.6419999999999999,3.8,22.066666666666666,0.17400000000000002,14.6,2.1333333333333333,96.33333333333333,85.0,27.0,41.2,16.8,30.666666666666668,8.666666666666666,22.0,17.666666666666668,11.933333333333334,1.6326666666666667,9.0,21.933333333333334,41.522,20.6,37.4,54.88266666666666,16.8,20.666666666666668,80.99933333333334,2.4,10.066666666666666,0.8973333333333334,2.466666666666667,20.8,0.12866666666666668,11.933333333333334,2.8,100.33333333333333
78,69,2015-04-29,3,4,2014-2015,Macaé Basquete,Mogi,83.33333333333333,25.4,39.6,18.333333333333332,33.06666666666667,9.733333333333333,23.333333333333332,14.933333333333334,15.8,1.0826666666666667,8.466666666666667,20.933333333333334,39.618,19.8,37.06666666666667,53.96,18.333333333333332,22.133333333333333,82.86066666666667,1.4666666666666666,8.533333333333333,0.5760000000000001,1.1333333333333333,24.466666666666665,0.044000000000000004,15.8,4.066666666666666,91.66666666666667,86.73333333333333,24.0,44.53333333333333,18.2,35.6,12.733333333333333,22.866666666666667,15.533333333333333,13.466666666666667,1.24,8.0,21.8,36.87533333333333,22.266666666666666,41.93333333333333,53.19333333333332,18.2,24.333333333333332,73.12533333333334,1.3333333333333333,10.066666666666666,0.8079999999999999,1.8666666666666667,24.333333333333332,0.07933333333333334,13.466666666666667,2.533333333333333,96.66666666666667
81,76,2015-04-30,4,4,2014-2015,Coop/São José Basketball,Flamengo,79.73333333333333,21.4,46.266666666666666,12.066666666666666,35.2,10.0,25.2,17.666666666666668,12.266666666666667,1.532,7.133333333333334,20.333333333333332,36.16733333333333,23.133333333333333,42.93333333333333,54.345333333333336,12.066666666666666,16.0,74.52666666666666,0.7333333333333333,6.066666666666666,0.49599999999999994,2.6,19.466666666666665,0.1373333333333333,12.266666666666667,2.2666666666666666,92.06666666666666,89.0,30.0,43.333333333333336,15.666666666666666,37.06666666666667,10.466666666666667,26.6,17.533333333333335,10.733333333333333,1.858666666666667,10.0,25.133333333333333,39.95133333333334,21.666666666666668,38.733333333333334,56.00066666666666,15.666666666666666,20.8,75.77733333333335,2.2,9.4,0.9900000000000001,1.6,18.2,0.09333333333333335,10.733333333333333,1.4666666666666666,106.53333333333333
67,75,2015-04-30,3,4,2014-2015,Sesi Franca,Bauru Basket,71.66666666666667,26.2,33.46666666666667,12.0,33.53333333333333,9.866666666666667,23.666666666666668,13.666666666666666,15.2,0.9646666666666666,8.733333333333333,23.533333333333335,37.65133333333333,16.733333333333334,35.06666666666667,48.01533333333334,12.0,17.866666666666667,66.00866666666667,1.7333333333333334,9.733333333333333,0.6793333333333335,2.8,21.866666666666667,0.126,15.2,3.466666666666667,77.2,89.06666666666666,32.8,39.2,17.066666666666666,36.666666666666664,8.666666666666666,28.0,18.133333333333333,11.133333333333333,1.7486666666666664,10.933333333333334,27.066666666666666,40.434000000000005,19.6,33.333333333333336,58.49399999999999,17.066666666666666,21.0,81.0,1.5333333333333334,9.666666666666666,0.9380000000000001,1.6,16.733333333333334,0.10400000000000001,11.133333333333333,1.7333333333333334,110.2
