Treino,MÃ©dia
2008-2009_treino_1.csv_128-1,0.67
2008-2009_treino_2.csv_128-1,0.67
2008-2009_treino_3.csv_128-1,0.66
2008-2009_treino_4.csv_128-1,0.67
2008-2009_treino_5.csv_128-1,0.66
2008-2009_treino_6.csv_128-1,0.66
2008-2009_treino_7.csv_128-1,0.66
2008-2009_treino_8.csv_128-1,0.66
2008-2009_treino_9.csv_128-1,0.66
2008-2009_treino_10.csv_128-1,0.66
2008-2009_treino_11.csv_128-1,0.66
2008-2009_treino_12.csv_128-1,0.66
2008-2009_treino_13.csv_128-1,0.66
2008-2009_treino_14.csv_128-1,0.66
2008-2009_treino_15.csv_128-1,0.66
2008-2009_treino_16.csv_128-1,0.66
2008-2009_treino_17.csv_128-1,0.66
2008-2009_treino_18.csv_128-1,0.66
2008-2009_treino_19.csv_128-1,0.66
2008-2009_treino_20.csv_128-1,0.66
2008-2009_treino_21.csv_128-1,0.66
2008-2009_treino_22.csv_128-1,0.66
2008-2009_treino_23.csv_128-1,0.66
2008-2009_treino_24.csv_128-1,0.66
2008-2009_treino_25.csv_128-1,0.66
2008-2009_treino_26.csv_128-1,0.66
2008-2009_treino_27.csv_128-1,0.67
2008-2009_treino_28.csv_128-1,0.67
2008-2009_treino_29.csv_128-1,0.67
2008-2009_treino_30.csv_128-1,0.67
2008-2009_treino_31.csv_128-1,0.66
2008-2009_treino_32.csv_128-1,0.67
2008-2009_treino_33.csv_128-1,0.66
2008-2009_treino_34.csv_128-1,0.67
2008-2009_treino_35.csv_128-1,0.67
2008-2009_treino_36.csv_128-1,0.66
2008-2009_treino_37.csv_128-1,0.66
2008-2009_treino_38.csv_128-1,0.66
2008-2009_treino_39.csv_128-1,0.66
2008-2009_treino_40.csv_128-1,0.66
2008-2009_treino_41.csv_128-1,0.66
2008-2009_treino_42.csv_128-1,0.65
2008-2009_treino_43.csv_128-1,0.65
2008-2009_treino_44.csv_128-1,0.65
2008-2009_treino_45.csv_128-1,0.64
2008-2009_treino_46.csv_128-1,0.64
2008-2009_treino_47.csv_128-1,0.64
2008-2009_treino_48.csv_128-1,0.64
2008-2009_treino_49.csv_128-1,0.64
2008-2009_treino_50.csv_128-1,0.65
2008-2009_treino_51.csv_128-1,0.66
2008-2009_treino_52.csv_128-1,0.66
2008-2009_treino_53.csv_128-1,0.66
2008-2009_treino_54.csv_128-1,0.65
2008-2009_treino_55.csv_128-1,0.65
2008-2009_treino_56.csv_128-1,0.64
2008-2009_treino_57.csv_128-1,0.64
2008-2009_treino_58.csv_128-1,0.63
2008-2009_treino_59.csv_128-1,0.63
2008-2009_treino_60.csv_128-1,0.62
2008-2009_treino_61.csv_128-1,0.62
2008-2009_treino_62.csv_128-1,0.62
2008-2009_treino_63.csv_128-1,0.63
2008-2009_treino_64.csv_128-1,0.63
2008-2009_treino_65.csv_128-1,0.64
2008-2009_treino_66.csv_128-1,0.64
2008-2009_treino_67.csv_128-1,0.65
2008-2009_treino_68.csv_128-1,0.66
2008-2009_treino_69.csv_128-1,0.65
2008-2009_treino_70.csv_128-1,0.65
2008-2009_treino_71.csv_128-1,0.64
2008-2009_treino_72.csv_128-1,0.64
2008-2009_treino_73.csv_128-1,0.64
2008-2009_treino_74.csv_128-1,0.63
2008-2009_treino_75.csv_128-1,0.64
2008-2009_treino_76.csv_128-1,0.64
2008-2009_treino_77.csv_128-1,0.64
2008-2009_treino_78.csv_128-1,0.63
2008-2009_treino_79.csv_128-1,0.64
2008-2009_treino_80.csv_128-1,0.64
2008-2009_treino_81.csv_128-1,0.65
2008-2009_treino_82.csv_128-1,0.65
2008-2009_treino_83.csv_128-1,0.66
2008-2009_treino_84.csv_128-1,0.66
2008-2009_treino_85.csv_128-1,0.66
2008-2009_treino_86.csv_128-1,0.66
2008-2009_treino_87.csv_128-1,0.65
2008-2009_treino_88.csv_128-1,0.65
2008-2009_treino_89.csv_128-1,0.66
2008-2009_treino_90.csv_128-1,0.66
2008-2009_treino_91.csv_128-1,0.66
2008-2009_treino_92.csv_128-1,0.66
2008-2009_treino_93.csv_128-1,0.66
2008-2009_treino_94.csv_128-1,0.66
2008-2009_treino_95.csv_128-1,0.66
2008-2009_treino_96.csv_128-1,0.66
2008-2009_treino_97.csv_128-1,0.66
2008-2009_treino_98.csv_128-1,0.66
2008-2009_treino_99.csv_128-1,0.65
2008-2009_treino_100.csv_128-1,0.65
2008-2009_treino_101.csv_128-1,0.65
2008-2009_treino_102.csv_128-1,0.65
2008-2009_treino_103.csv_128-1,0.66
2008-2009_treino_104.csv_128-1,0.66
2008-2009_treino_105.csv_128-1,0.65
2008-2009_treino_106.csv_128-1,0.64
2008-2009_treino_107.csv_128-1,0.64
2008-2009_treino_108.csv_128-1,0.64
2008-2009_treino_109.csv_128-1,0.65
2009-2010_treino_1.csv_128-1,0.69
2009-2010_treino_2.csv_128-1,0.69
2009-2010_treino_3.csv_128-1,0.68
2009-2010_treino_4.csv_128-1,0.69
2009-2010_treino_5.csv_128-1,0.69
2009-2010_treino_6.csv_128-1,0.69
2009-2010_treino_7.csv_128-1,0.68
2009-2010_treino_8.csv_128-1,0.68
2009-2010_treino_9.csv_128-1,0.67
2009-2010_treino_10.csv_128-1,0.67
2009-2010_treino_11.csv_128-1,0.68
2009-2010_treino_12.csv_128-1,0.68
2009-2010_treino_13.csv_128-1,0.68
2009-2010_treino_14.csv_128-1,0.68
2009-2010_treino_15.csv_128-1,0.68
2009-2010_treino_16.csv_128-1,0.67
2009-2010_treino_17.csv_128-1,0.67
2009-2010_treino_18.csv_128-1,0.67
2009-2010_treino_19.csv_128-1,0.66
2009-2010_treino_20.csv_128-1,0.66
2009-2010_treino_21.csv_128-1,0.65
2009-2010_treino_22.csv_128-1,0.66
2009-2010_treino_23.csv_128-1,0.66
2009-2010_treino_24.csv_128-1,0.67
2009-2010_treino_25.csv_128-1,0.67
2009-2010_treino_26.csv_128-1,0.66
2009-2010_treino_27.csv_128-1,0.66
2009-2010_treino_28.csv_128-1,0.66
2009-2010_treino_29.csv_128-1,0.66
2009-2010_treino_30.csv_128-1,0.67
2009-2010_treino_31.csv_128-1,0.68
2009-2010_treino_32.csv_128-1,0.67
2009-2010_treino_33.csv_128-1,0.68
2009-2010_treino_34.csv_128-1,0.68
2011-2012_treino_1.csv_128-1,0.64
2011-2012_treino_2.csv_128-1,0.64
2011-2012_treino_3.csv_128-1,0.64
2011-2012_treino_4.csv_128-1,0.64
2011-2012_treino_5.csv_128-1,0.65
2011-2012_treino_6.csv_128-1,0.65
2011-2012_treino_7.csv_128-1,0.65
2011-2012_treino_8.csv_128-1,0.65
2011-2012_treino_9.csv_128-1,0.66
2011-2012_treino_10.csv_128-1,0.65
2011-2012_treino_11.csv_128-1,0.66
2011-2012_treino_12.csv_128-1,0.66
2011-2012_treino_13.csv_128-1,0.66
2011-2012_treino_14.csv_128-1,0.66
2011-2012_treino_15.csv_128-1,0.66
2011-2012_treino_16.csv_128-1,0.66
2011-2012_treino_17.csv_128-1,0.66
2011-2012_treino_18.csv_128-1,0.66
2011-2012_treino_19.csv_128-1,0.66
2011-2012_treino_20.csv_128-1,0.66
2011-2012_treino_21.csv_128-1,0.66
2011-2012_treino_22.csv_128-1,0.66
2011-2012_treino_23.csv_128-1,0.66
2011-2012_treino_24.csv_128-1,0.66
2011-2012_treino_25.csv_128-1,0.66
2011-2012_treino_26.csv_128-1,0.66
2011-2012_treino_27.csv_128-1,0.66
2011-2012_treino_28.csv_128-1,0.66
2011-2012_treino_29.csv_128-1,0.66
2011-2012_treino_30.csv_128-1,0.66
2011-2012_treino_31.csv_128-1,0.66
2011-2012_treino_32.csv_128-1,0.65
2011-2012_treino_33.csv_128-1,0.66
2011-2012_treino_34.csv_128-1,0.65
2011-2012_treino_35.csv_128-1,0.66
2011-2012_treino_36.csv_128-1,0.66
2011-2012_treino_37.csv_128-1,0.66
2011-2012_treino_38.csv_128-1,0.66
2011-2012_treino_39.csv_128-1,0.66
2011-2012_treino_40.csv_128-1,0.66
2011-2012_treino_41.csv_128-1,0.67
2011-2012_treino_42.csv_128-1,0.67
2011-2012_treino_43.csv_128-1,0.67
2011-2012_treino_44.csv_128-1,0.67
2011-2012_treino_45.csv_128-1,0.66
2011-2012_treino_46.csv_128-1,0.67
2011-2012_treino_47.csv_128-1,0.67
2011-2012_treino_48.csv_128-1,0.68
2012-2013_treino_1.csv_128-1,0.58
2012-2013_treino_2.csv_128-1,0.58
2012-2013_treino_3.csv_128-1,0.58
2012-2013_treino_4.csv_128-1,0.59
2012-2013_treino_5.csv_128-1,0.59
2012-2013_treino_6.csv_128-1,0.59
2012-2013_treino_7.csv_128-1,0.58
2012-2013_treino_8.csv_128-1,0.57
2012-2013_treino_9.csv_128-1,0.57
2012-2013_treino_10.csv_128-1,0.58
2012-2013_treino_11.csv_128-1,0.58
2012-2013_treino_12.csv_128-1,0.59
2012-2013_treino_13.csv_128-1,0.58
2012-2013_treino_14.csv_128-1,0.58
2012-2013_treino_15.csv_128-1,0.58
2012-2013_treino_16.csv_128-1,0.58
2012-2013_treino_17.csv_128-1,0.58
2012-2013_treino_18.csv_128-1,0.57
2012-2013_treino_19.csv_128-1,0.57
2012-2013_treino_20.csv_128-1,0.58
2012-2013_treino_21.csv_128-1,0.59
2012-2013_treino_22.csv_128-1,0.59
2012-2013_treino_23.csv_128-1,0.59
2012-2013_treino_24.csv_128-1,0.59
2012-2013_treino_25.csv_128-1,0.59
2012-2013_treino_26.csv_128-1,0.59
2012-2013_treino_27.csv_128-1,0.59
2012-2013_treino_28.csv_128-1,0.59
2012-2013_treino_29.csv_128-1,0.59
2012-2013_treino_30.csv_128-1,0.59
2012-2013_treino_31.csv_128-1,0.59
2012-2013_treino_32.csv_128-1,0.59
2012-2013_treino_33.csv_128-1,0.58
2012-2013_treino_34.csv_128-1,0.59
2012-2013_treino_35.csv_128-1,0.58
2012-2013_treino_36.csv_128-1,0.58
2012-2013_treino_37.csv_128-1,0.58
2012-2013_treino_38.csv_128-1,0.58
2012-2013_treino_39.csv_128-1,0.59
2012-2013_treino_40.csv_128-1,0.58
2012-2013_treino_41.csv_128-1,0.58
2012-2013_treino_42.csv_128-1,0.59
2012-2013_treino_43.csv_128-1,0.59
2012-2013_treino_44.csv_128-1,0.59
2012-2013_treino_45.csv_128-1,0.58
2012-2013_treino_46.csv_128-1,0.58
2012-2013_treino_47.csv_128-1,0.58
2012-2013_treino_48.csv_128-1,0.59
2012-2013_treino_49.csv_128-1,0.59
2012-2013_treino_50.csv_128-1,0.59
2012-2013_treino_51.csv_128-1,0.59
2012-2013_treino_52.csv_128-1,0.60
2012-2013_treino_53.csv_128-1,0.60
2012-2013_treino_54.csv_128-1,0.60
2012-2013_treino_55.csv_128-1,0.61
2012-2013_treino_56.csv_128-1,0.60
2012-2013_treino_57.csv_128-1,0.60
2012-2013_treino_58.csv_128-1,0.59
2012-2013_treino_59.csv_128-1,0.59
2012-2013_treino_60.csv_128-1,0.59
2012-2013_treino_61.csv_128-1,0.59
2012-2013_treino_62.csv_128-1,0.59
2012-2013_treino_63.csv_128-1,0.58
2012-2013_treino_64.csv_128-1,0.57
2012-2013_treino_65.csv_128-1,0.58
2012-2013_treino_66.csv_128-1,0.57
2012-2013_treino_67.csv_128-1,0.56
2012-2013_treino_68.csv_128-1,0.56
2012-2013_treino_69.csv_128-1,0.55
2012-2013_treino_70.csv_128-1,0.55
2012-2013_treino_71.csv_128-1,0.55
2012-2013_treino_72.csv_128-1,0.55
2012-2013_treino_73.csv_128-1,0.55
2012-2013_treino_74.csv_128-1,0.55
2012-2013_treino_75.csv_128-1,0.55
2012-2013_treino_76.csv_128-1,0.55
2012-2013_treino_77.csv_128-1,0.55
2012-2013_treino_78.csv_128-1,0.55
2012-2013_treino_79.csv_128-1,0.55
2012-2013_treino_80.csv_128-1,0.56
2012-2013_treino_81.csv_128-1,0.56
2012-2013_treino_82.csv_128-1,0.56
2012-2013_treino_83.csv_128-1,0.56
2012-2013_treino_84.csv_128-1,0.57
2012-2013_treino_85.csv_128-1,0.58
2012-2013_treino_86.csv_128-1,0.58
2012-2013_treino_87.csv_128-1,0.58
2012-2013_treino_88.csv_128-1,0.58
2012-2013_treino_89.csv_128-1,0.58
2012-2013_treino_90.csv_128-1,0.58
2012-2013_treino_91.csv_128-1,0.59
2012-2013_treino_92.csv_128-1,0.59
2012-2013_treino_93.csv_128-1,0.59
2012-2013_treino_94.csv_128-1,0.59
2012-2013_treino_95.csv_128-1,0.59
2012-2013_treino_96.csv_128-1,0.59
2012-2013_treino_97.csv_128-1,0.60
2012-2013_treino_98.csv_128-1,0.61
2012-2013_treino_99.csv_128-1,0.60
2012-2013_treino_100.csv_128-1,0.60
2012-2013_treino_101.csv_128-1,0.60
2012-2013_treino_102.csv_128-1,0.60
2012-2013_treino_103.csv_128-1,0.59
2012-2013_treino_104.csv_128-1,0.59
2012-2013_treino_105.csv_128-1,0.58
2012-2013_treino_106.csv_128-1,0.59
2012-2013_treino_107.csv_128-1,0.59
2012-2013_treino_108.csv_128-1,0.58
2012-2013_treino_109.csv_128-1,0.58
2012-2013_treino_110.csv_128-1,0.58
2012-2013_treino_111.csv_128-1,0.58
2012-2013_treino_112.csv_128-1,0.57
2012-2013_treino_113.csv_128-1,0.57
2012-2013_treino_114.csv_128-1,0.57
2012-2013_treino_115.csv_128-1,0.57
2012-2013_treino_116.csv_128-1,0.58
2012-2013_treino_117.csv_128-1,0.59
2012-2013_treino_118.csv_128-1,0.59
2012-2013_treino_119.csv_128-1,0.59
2012-2013_treino_120.csv_128-1,0.59
2012-2013_treino_121.csv_128-1,0.60
2012-2013_treino_122.csv_128-1,0.60
2012-2013_treino_123.csv_128-1,0.61
2012-2013_treino_124.csv_128-1,0.62
2012-2013_treino_125.csv_128-1,0.61
2012-2013_treino_126.csv_128-1,0.61
2012-2013_treino_127.csv_128-1,0.61
2012-2013_treino_128.csv_128-1,0.62
2012-2013_treino_129.csv_128-1,0.62
2012-2013_treino_130.csv_128-1,0.62
2012-2013_treino_131.csv_128-1,0.62
2012-2013_treino_132.csv_128-1,0.61
2012-2013_treino_133.csv_128-1,0.60
2012-2013_treino_134.csv_128-1,0.60
2012-2013_treino_135.csv_128-1,0.61
2012-2013_treino_136.csv_128-1,0.62
2012-2013_treino_137.csv_128-1,0.61
2012-2013_treino_138.csv_128-1,0.60
2012-2013_treino_139.csv_128-1,0.59
2012-2013_treino_140.csv_128-1,0.59
2012-2013_treino_141.csv_128-1,0.59
2012-2013_treino_142.csv_128-1,0.59
2012-2013_treino_143.csv_128-1,0.58
2012-2013_treino_144.csv_128-1,0.58
2012-2013_treino_145.csv_128-1,0.59
2012-2013_treino_146.csv_128-1,0.59
2012-2013_treino_147.csv_128-1,0.59
2012-2013_treino_148.csv_128-1,0.59
2012-2013_treino_149.csv_128-1,0.59
2012-2013_treino_150.csv_128-1,0.59
2012-2013_treino_151.csv_128-1,0.59
2012-2013_treino_152.csv_128-1,0.59
2012-2013_treino_153.csv_128-1,0.59
2012-2013_treino_154.csv_128-1,0.59
2012-2013_treino_155.csv_128-1,0.60
2012-2013_treino_156.csv_128-1,0.59
2012-2013_treino_157.csv_128-1,0.59
2012-2013_treino_158.csv_128-1,0.59
2012-2013_treino_159.csv_128-1,0.58
2012-2013_treino_160.csv_128-1,0.58
2012-2013_treino_161.csv_128-1,0.59
2012-2013_treino_162.csv_128-1,0.59
2012-2013_treino_163.csv_128-1,0.59
2012-2013_treino_164.csv_128-1,0.59
2012-2013_treino_165.csv_128-1,0.59
2012-2013_treino_166.csv_128-1,0.59
2012-2013_treino_167.csv_128-1,0.58
2012-2013_treino_168.csv_128-1,0.58
2012-2013_treino_169.csv_128-1,0.58
2012-2013_treino_170.csv_128-1,0.58
2012-2013_treino_171.csv_128-1,0.58
2012-2013_treino_172.csv_128-1,0.59
2012-2013_treino_173.csv_128-1,0.59
2012-2013_treino_174.csv_128-1,0.59
2012-2013_treino_175.csv_128-1,0.59
2012-2013_treino_176.csv_128-1,0.59
2012-2013_treino_177.csv_128-1,0.58
2012-2013_treino_178.csv_128-1,0.59
2012-2013_treino_179.csv_128-1,0.59
2012-2013_treino_180.csv_128-1,0.59
2012-2013_treino_181.csv_128-1,0.58
2012-2013_treino_182.csv_128-1,0.59
2012-2013_treino_183.csv_128-1,0.59
2012-2013_treino_184.csv_128-1,0.59
2012-2013_treino_185.csv_128-1,0.59
2012-2013_treino_186.csv_128-1,0.60
2012-2013_treino_187.csv_128-1,0.61
2012-2013_treino_188.csv_128-1,0.62
2012-2013_treino_189.csv_128-1,0.62
2012-2013_treino_190.csv_128-1,0.62
2012-2013_treino_191.csv_128-1,0.62
2012-2013_treino_192.csv_128-1,0.62
2012-2013_treino_193.csv_128-1,0.62
2012-2013_treino_194.csv_128-1,0.62
2012-2013_treino_195.csv_128-1,0.62
2012-2013_treino_196.csv_128-1,0.62
2012-2013_treino_197.csv_128-1,0.63
2012-2013_treino_198.csv_128-1,0.63
2012-2013_treino_199.csv_128-1,0.62
2012-2013_treino_200.csv_128-1,0.63
2012-2013_treino_201.csv_128-1,0.63
2012-2013_treino_202.csv_128-1,0.63
2012-2013_treino_203.csv_128-1,0.63
2012-2013_treino_204.csv_128-1,0.64
2012-2013_treino_205.csv_128-1,0.64
2012-2013_treino_206.csv_128-1,0.64
2012-2013_treino_207.csv_128-1,0.64
2012-2013_treino_208.csv_128-1,0.64
2012-2013_treino_209.csv_128-1,0.65
2012-2013_treino_210.csv_128-1,0.65
2012-2013_treino_211.csv_128-1,0.65
2012-2013_treino_212.csv_128-1,0.64
2012-2013_treino_213.csv_128-1,0.64
2012-2013_treino_214.csv_128-1,0.65
2012-2013_treino_215.csv_128-1,0.64
2012-2013_treino_216.csv_128-1,0.64
2012-2013_treino_217.csv_128-1,0.64
2012-2013_treino_218.csv_128-1,0.65
2012-2013_treino_219.csv_128-1,0.65
2012-2013_treino_220.csv_128-1,0.65
2012-2013_treino_221.csv_128-1,0.66
2012-2013_treino_222.csv_128-1,0.66
2013-2014_treino_1.csv_128-1,0.55
2013-2014_treino_2.csv_128-1,0.55
2013-2014_treino_3.csv_128-1,0.56
2013-2014_treino_4.csv_128-1,0.55
2013-2014_treino_5.csv_128-1,0.55
2013-2014_treino_6.csv_128-1,0.56
2013-2014_treino_7.csv_128-1,0.55
2013-2014_treino_8.csv_128-1,0.55
2013-2014_treino_9.csv_128-1,0.55
2013-2014_treino_10.csv_128-1,0.55
2013-2014_treino_11.csv_128-1,0.55
2013-2014_treino_12.csv_128-1,0.55
2013-2014_treino_13.csv_128-1,0.55
2013-2014_treino_14.csv_128-1,0.55
2013-2014_treino_15.csv_128-1,0.54
2013-2014_treino_16.csv_128-1,0.55
2013-2014_treino_17.csv_128-1,0.55
2013-2014_treino_18.csv_128-1,0.55
2013-2014_treino_19.csv_128-1,0.56
2013-2014_treino_20.csv_128-1,0.57
2013-2014_treino_21.csv_128-1,0.58
2013-2014_treino_22.csv_128-1,0.58
2013-2014_treino_23.csv_128-1,0.58
2013-2014_treino_24.csv_128-1,0.58
2013-2014_treino_25.csv_128-1,0.58
2013-2014_treino_26.csv_128-1,0.58
2013-2014_treino_27.csv_128-1,0.59
2013-2014_treino_28.csv_128-1,0.59
2013-2014_treino_29.csv_128-1,0.59
2013-2014_treino_30.csv_128-1,0.59
2013-2014_treino_31.csv_128-1,0.59
2013-2014_treino_32.csv_128-1,0.59
2013-2014_treino_33.csv_128-1,0.59
2013-2014_treino_34.csv_128-1,0.59
2013-2014_treino_35.csv_128-1,0.59
2013-2014_treino_36.csv_128-1,0.58
2013-2014_treino_37.csv_128-1,0.59
2013-2014_treino_38.csv_128-1,0.59
2013-2014_treino_39.csv_128-1,0.58
2013-2014_treino_40.csv_128-1,0.57
2013-2014_treino_41.csv_128-1,0.57
2013-2014_treino_42.csv_128-1,0.57
2013-2014_treino_43.csv_128-1,0.56
2013-2014_treino_44.csv_128-1,0.56
2013-2014_treino_45.csv_128-1,0.57
2013-2014_treino_46.csv_128-1,0.58
2013-2014_treino_47.csv_128-1,0.58
2013-2014_treino_48.csv_128-1,0.57
2013-2014_treino_49.csv_128-1,0.57
2013-2014_treino_50.csv_128-1,0.56
2013-2014_treino_51.csv_128-1,0.56
2013-2014_treino_52.csv_128-1,0.56
2013-2014_treino_53.csv_128-1,0.55
2013-2014_treino_54.csv_128-1,0.56
2013-2014_treino_55.csv_128-1,0.56
2013-2014_treino_56.csv_128-1,0.56
2013-2014_treino_57.csv_128-1,0.56
2013-2014_treino_58.csv_128-1,0.56
2013-2014_treino_59.csv_128-1,0.56
2013-2014_treino_60.csv_128-1,0.56
2013-2014_treino_61.csv_128-1,0.56
2013-2014_treino_62.csv_128-1,0.57
2013-2014_treino_63.csv_128-1,0.57
2013-2014_treino_64.csv_128-1,0.57
2013-2014_treino_65.csv_128-1,0.57
2013-2014_treino_66.csv_128-1,0.58
2013-2014_treino_67.csv_128-1,0.57
2013-2014_treino_68.csv_128-1,0.58
2013-2014_treino_69.csv_128-1,0.58
2013-2014_treino_70.csv_128-1,0.58
2013-2014_treino_71.csv_128-1,0.59
2013-2014_treino_72.csv_128-1,0.59
2013-2014_treino_73.csv_128-1,0.59
2013-2014_treino_74.csv_128-1,0.58
2013-2014_treino_75.csv_128-1,0.58
2013-2014_treino_76.csv_128-1,0.59
2013-2014_treino_77.csv_128-1,0.59
2013-2014_treino_78.csv_128-1,0.59
2013-2014_treino_79.csv_128-1,0.59
2013-2014_treino_80.csv_128-1,0.59
2013-2014_treino_81.csv_128-1,0.59
2013-2014_treino_82.csv_128-1,0.59
2013-2014_treino_83.csv_128-1,0.59
2013-2014_treino_84.csv_128-1,0.60
2013-2014_treino_85.csv_128-1,0.61
2013-2014_treino_86.csv_128-1,0.61
2013-2014_treino_87.csv_128-1,0.62
2013-2014_treino_88.csv_128-1,0.61
2013-2014_treino_89.csv_128-1,0.61
2013-2014_treino_90.csv_128-1,0.62
2013-2014_treino_91.csv_128-1,0.62
2013-2014_treino_92.csv_128-1,0.62
2013-2014_treino_93.csv_128-1,0.61
2013-2014_treino_94.csv_128-1,0.61
2013-2014_treino_95.csv_128-1,0.62
2013-2014_treino_96.csv_128-1,0.62
2013-2014_treino_97.csv_128-1,0.62
2013-2014_treino_98.csv_128-1,0.62
2013-2014_treino_99.csv_128-1,0.63
2013-2014_treino_100.csv_128-1,0.62
2013-2014_treino_101.csv_128-1,0.62
2013-2014_treino_102.csv_128-1,0.62
2013-2014_treino_103.csv_128-1,0.62
2013-2014_treino_104.csv_128-1,0.62
2013-2014_treino_105.csv_128-1,0.62
2013-2014_treino_106.csv_128-1,0.62
2013-2014_treino_107.csv_128-1,0.63
2013-2014_treino_108.csv_128-1,0.63
2013-2014_treino_109.csv_128-1,0.64
2013-2014_treino_110.csv_128-1,0.65
2013-2014_treino_111.csv_128-1,0.64
2013-2014_treino_112.csv_128-1,0.63
2013-2014_treino_113.csv_128-1,0.63
2013-2014_treino_114.csv_128-1,0.63
2013-2014_treino_115.csv_128-1,0.62
2013-2014_treino_116.csv_128-1,0.62
2013-2014_treino_117.csv_128-1,0.62
2013-2014_treino_118.csv_128-1,0.62
2013-2014_treino_119.csv_128-1,0.62
2013-2014_treino_120.csv_128-1,0.62
2013-2014_treino_121.csv_128-1,0.62
2013-2014_treino_122.csv_128-1,0.62
2013-2014_treino_123.csv_128-1,0.62
2013-2014_treino_124.csv_128-1,0.62
2013-2014_treino_125.csv_128-1,0.62
2013-2014_treino_126.csv_128-1,0.63
2013-2014_treino_127.csv_128-1,0.62
2013-2014_treino_128.csv_128-1,0.62
2013-2014_treino_129.csv_128-1,0.63
2013-2014_treino_130.csv_128-1,0.63
2013-2014_treino_131.csv_128-1,0.63
2013-2014_treino_132.csv_128-1,0.64
2013-2014_treino_133.csv_128-1,0.64
2013-2014_treino_134.csv_128-1,0.63
2013-2014_treino_135.csv_128-1,0.64
2013-2014_treino_136.csv_128-1,0.65
2013-2014_treino_137.csv_128-1,0.64
2013-2014_treino_138.csv_128-1,0.65
2013-2014_treino_139.csv_128-1,0.65
2013-2014_treino_140.csv_128-1,0.65
2013-2014_treino_141.csv_128-1,0.66
2013-2014_treino_142.csv_128-1,0.66
2013-2014_treino_143.csv_128-1,0.67
2013-2014_treino_144.csv_128-1,0.66
2013-2014_treino_145.csv_128-1,0.66
2013-2014_treino_146.csv_128-1,0.66
2013-2014_treino_147.csv_128-1,0.66
2013-2014_treino_148.csv_128-1,0.66
2013-2014_treino_149.csv_128-1,0.66
2013-2014_treino_150.csv_128-1,0.66
2013-2014_treino_151.csv_128-1,0.66
2013-2014_treino_152.csv_128-1,0.65
2013-2014_treino_153.csv_128-1,0.65
2013-2014_treino_154.csv_128-1,0.64
2013-2014_treino_155.csv_128-1,0.64
2013-2014_treino_156.csv_128-1,0.63
2013-2014_treino_157.csv_128-1,0.63
2013-2014_treino_158.csv_128-1,0.64
2013-2014_treino_159.csv_128-1,0.65
2013-2014_treino_160.csv_128-1,0.65
2013-2014_treino_161.csv_128-1,0.64
2013-2014_treino_162.csv_128-1,0.65
2013-2014_treino_163.csv_128-1,0.66
2013-2014_treino_164.csv_128-1,0.66
2013-2014_treino_165.csv_128-1,0.65
2013-2014_treino_166.csv_128-1,0.65
2013-2014_treino_167.csv_128-1,0.66
2013-2014_treino_168.csv_128-1,0.66
2013-2014_treino_169.csv_128-1,0.66
2013-2014_treino_170.csv_128-1,0.66
2013-2014_treino_171.csv_128-1,0.66
2013-2014_treino_172.csv_128-1,0.67
2013-2014_treino_173.csv_128-1,0.66
2013-2014_treino_174.csv_128-1,0.66
2013-2014_treino_175.csv_128-1,0.65
2013-2014_treino_176.csv_128-1,0.66
2013-2014_treino_177.csv_128-1,0.66
2013-2014_treino_178.csv_128-1,0.66
2013-2014_treino_179.csv_128-1,0.66
2013-2014_treino_180.csv_128-1,0.66
2013-2014_treino_181.csv_128-1,0.66
2013-2014_treino_182.csv_128-1,0.66
2013-2014_treino_183.csv_128-1,0.65
2013-2014_treino_184.csv_128-1,0.65
2013-2014_treino_185.csv_128-1,0.65
2013-2014_treino_186.csv_128-1,0.64
2013-2014_treino_187.csv_128-1,0.64
2013-2014_treino_188.csv_128-1,0.64
2014-2015_treino_1.csv_128-1,0.56
2014-2015_treino_2.csv_128-1,0.56
2014-2015_treino_3.csv_128-1,0.56
2014-2015_treino_4.csv_128-1,0.57
2014-2015_treino_5.csv_128-1,0.56
2014-2015_treino_6.csv_128-1,0.55
2014-2015_treino_7.csv_128-1,0.56
2014-2015_treino_8.csv_128-1,0.56
2014-2015_treino_9.csv_128-1,0.55
2014-2015_treino_10.csv_128-1,0.55
2014-2015_treino_11.csv_128-1,0.55
2014-2015_treino_12.csv_128-1,0.55
2014-2015_treino_13.csv_128-1,0.55
2014-2015_treino_14.csv_128-1,0.55
2014-2015_treino_15.csv_128-1,0.56
2014-2015_treino_16.csv_128-1,0.56
2014-2015_treino_17.csv_128-1,0.55
2014-2015_treino_18.csv_128-1,0.55
2014-2015_treino_19.csv_128-1,0.55
2014-2015_treino_20.csv_128-1,0.55
2014-2015_treino_21.csv_128-1,0.55
2014-2015_treino_22.csv_128-1,0.56
2014-2015_treino_23.csv_128-1,0.57
2014-2015_treino_24.csv_128-1,0.57
2014-2015_treino_25.csv_128-1,0.57
2014-2015_treino_26.csv_128-1,0.57
2014-2015_treino_27.csv_128-1,0.57
2014-2015_treino_28.csv_128-1,0.57
2014-2015_treino_29.csv_128-1,0.56
2014-2015_treino_30.csv_128-1,0.56
2014-2015_treino_31.csv_128-1,0.55
2014-2015_treino_32.csv_128-1,0.55
2014-2015_treino_33.csv_128-1,0.55
2014-2015_treino_34.csv_128-1,0.55
2014-2015_treino_35.csv_128-1,0.55
2014-2015_treino_36.csv_128-1,0.55
2014-2015_treino_37.csv_128-1,0.55
2014-2015_treino_38.csv_128-1,0.55
2014-2015_treino_39.csv_128-1,0.54
2014-2015_treino_40.csv_128-1,0.54
2014-2015_treino_41.csv_128-1,0.54
2014-2015_treino_42.csv_128-1,0.53
2014-2015_treino_43.csv_128-1,0.53
2014-2015_treino_44.csv_128-1,0.52
2014-2015_treino_45.csv_128-1,0.52
2014-2015_treino_46.csv_128-1,0.52
2014-2015_treino_47.csv_128-1,0.52
2014-2015_treino_48.csv_128-1,0.52
2014-2015_treino_49.csv_128-1,0.52
2014-2015_treino_50.csv_128-1,0.52
2014-2015_treino_51.csv_128-1,0.52
2014-2015_treino_52.csv_128-1,0.53
2014-2015_treino_53.csv_128-1,0.53
2014-2015_treino_54.csv_128-1,0.54
2014-2015_treino_55.csv_128-1,0.54
2014-2015_treino_56.csv_128-1,0.54
2014-2015_treino_57.csv_128-1,0.55
2014-2015_treino_58.csv_128-1,0.55
2014-2015_treino_59.csv_128-1,0.55
2014-2015_treino_60.csv_128-1,0.56
2014-2015_treino_61.csv_128-1,0.57
2014-2015_treino_62.csv_128-1,0.57
2014-2015_treino_63.csv_128-1,0.58
2014-2015_treino_64.csv_128-1,0.57
2014-2015_treino_65.csv_128-1,0.57
2014-2015_treino_66.csv_128-1,0.57
2014-2015_treino_67.csv_128-1,0.58
2014-2015_treino_68.csv_128-1,0.58
2014-2015_treino_69.csv_128-1,0.58
2014-2015_treino_70.csv_128-1,0.58
2014-2015_treino_71.csv_128-1,0.58
2014-2015_treino_72.csv_128-1,0.58
2014-2015_treino_73.csv_128-1,0.59
2014-2015_treino_74.csv_128-1,0.59
2014-2015_treino_75.csv_128-1,0.59
2014-2015_treino_76.csv_128-1,0.58
2014-2015_treino_77.csv_128-1,0.59
2014-2015_treino_78.csv_128-1,0.58
2014-2015_treino_79.csv_128-1,0.57
2014-2015_treino_80.csv_128-1,0.58
2014-2015_treino_81.csv_128-1,0.58
2014-2015_treino_82.csv_128-1,0.58
2014-2015_treino_83.csv_128-1,0.58
2014-2015_treino_84.csv_128-1,0.58
2014-2015_treino_85.csv_128-1,0.59
2014-2015_treino_86.csv_128-1,0.59
2014-2015_treino_87.csv_128-1,0.60
2014-2015_treino_88.csv_128-1,0.60
2014-2015_treino_89.csv_128-1,0.59
2014-2015_treino_90.csv_128-1,0.59
2014-2015_treino_91.csv_128-1,0.59
2014-2015_treino_92.csv_128-1,0.59
2014-2015_treino_93.csv_128-1,0.59
2014-2015_treino_94.csv_128-1,0.59
2014-2015_treino_95.csv_128-1,0.58
2014-2015_treino_96.csv_128-1,0.58
2014-2015_treino_97.csv_128-1,0.59
2014-2015_treino_98.csv_128-1,0.59
2014-2015_treino_99.csv_128-1,0.59
2014-2015_treino_100.csv_128-1,0.59
2014-2015_treino_101.csv_128-1,0.59
2014-2015_treino_102.csv_128-1,0.60
2014-2015_treino_103.csv_128-1,0.60
2014-2015_treino_104.csv_128-1,0.60
2014-2015_treino_105.csv_128-1,0.59
2014-2015_treino_106.csv_128-1,0.59
2014-2015_treino_107.csv_128-1,0.60
2014-2015_treino_108.csv_128-1,0.61
2014-2015_treino_109.csv_128-1,0.61
2014-2015_treino_110.csv_128-1,0.61
2014-2015_treino_111.csv_128-1,0.60
2014-2015_treino_112.csv_128-1,0.60
2014-2015_treino_113.csv_128-1,0.60
2014-2015_treino_114.csv_128-1,0.61
2014-2015_treino_115.csv_128-1,0.60
2014-2015_treino_116.csv_128-1,0.60
2014-2015_treino_117.csv_128-1,0.60
2014-2015_treino_118.csv_128-1,0.61
2014-2015_treino_119.csv_128-1,0.62
2014-2015_treino_120.csv_128-1,0.62
2014-2015_treino_121.csv_128-1,0.62
2014-2015_treino_122.csv_128-1,0.62
2014-2015_treino_123.csv_128-1,0.62
2014-2015_treino_124.csv_128-1,0.62
2014-2015_treino_125.csv_128-1,0.63
2014-2015_treino_126.csv_128-1,0.64
2014-2015_treino_127.csv_128-1,0.65
2014-2015_treino_128.csv_128-1,0.65
2014-2015_treino_129.csv_128-1,0.65
2014-2015_treino_130.csv_128-1,0.66
2014-2015_treino_131.csv_128-1,0.66
2014-2015_treino_132.csv_128-1,0.66
2014-2015_treino_133.csv_128-1,0.66
2014-2015_treino_134.csv_128-1,0.66
2014-2015_treino_135.csv_128-1,0.66
2014-2015_treino_136.csv_128-1,0.65
2014-2015_treino_137.csv_128-1,0.65
2014-2015_treino_138.csv_128-1,0.65
2014-2015_treino_139.csv_128-1,0.64
2014-2015_treino_140.csv_128-1,0.64
2014-2015_treino_141.csv_128-1,0.64
2014-2015_treino_142.csv_128-1,0.64
2014-2015_treino_143.csv_128-1,0.63
2014-2015_treino_144.csv_128-1,0.62
2014-2015_treino_145.csv_128-1,0.63
2014-2015_treino_146.csv_128-1,0.64
2014-2015_treino_147.csv_128-1,0.64
2014-2015_treino_148.csv_128-1,0.64
2014-2015_treino_149.csv_128-1,0.63
2014-2015_treino_150.csv_128-1,0.62
2014-2015_treino_151.csv_128-1,0.62
2014-2015_treino_152.csv_128-1,0.62
2014-2015_treino_153.csv_128-1,0.62
2014-2015_treino_154.csv_128-1,0.62
2014-2015_treino_155.csv_128-1,0.61
2014-2015_treino_156.csv_128-1,0.61
2014-2015_treino_157.csv_128-1,0.62
2015-2016_treino_1.csv_128-1,0.58
2015-2016_treino_2.csv_128-1,0.58
2015-2016_treino_3.csv_128-1,0.57
2015-2016_treino_4.csv_128-1,0.57
2015-2016_treino_5.csv_128-1,0.57
2015-2016_treino_6.csv_128-1,0.57
2015-2016_treino_7.csv_128-1,0.57
2015-2016_treino_8.csv_128-1,0.57
2015-2016_treino_9.csv_128-1,0.57
2015-2016_treino_10.csv_128-1,0.57
2015-2016_treino_11.csv_128-1,0.57
2015-2016_treino_12.csv_128-1,0.58
2015-2016_treino_13.csv_128-1,0.59
2015-2016_treino_14.csv_128-1,0.59
2015-2016_treino_15.csv_128-1,0.59
2015-2016_treino_16.csv_128-1,0.59
2015-2016_treino_17.csv_128-1,0.59
2015-2016_treino_18.csv_128-1,0.59
2015-2016_treino_19.csv_128-1,0.58
2015-2016_treino_20.csv_128-1,0.58
2015-2016_treino_21.csv_128-1,0.58
2015-2016_treino_22.csv_128-1,0.59
2015-2016_treino_23.csv_128-1,0.59
2015-2016_treino_24.csv_128-1,0.59
2015-2016_treino_25.csv_128-1,0.59
2015-2016_treino_26.csv_128-1,0.59
2015-2016_treino_27.csv_128-1,0.58
2015-2016_treino_28.csv_128-1,0.57
2015-2016_treino_29.csv_128-1,0.57
2015-2016_treino_30.csv_128-1,0.56
2015-2016_treino_31.csv_128-1,0.55
2015-2016_treino_32.csv_128-1,0.56
2015-2016_treino_33.csv_128-1,0.57
2015-2016_treino_34.csv_128-1,0.57
2015-2016_treino_35.csv_128-1,0.57
2015-2016_treino_36.csv_128-1,0.56
2015-2016_treino_37.csv_128-1,0.55
2015-2016_treino_38.csv_128-1,0.55
2015-2016_treino_39.csv_128-1,0.55
2015-2016_treino_40.csv_128-1,0.55
2015-2016_treino_41.csv_128-1,0.55
2015-2016_treino_42.csv_128-1,0.55
2015-2016_treino_43.csv_128-1,0.55
2015-2016_treino_44.csv_128-1,0.55
2015-2016_treino_45.csv_128-1,0.56
2015-2016_treino_46.csv_128-1,0.56
2015-2016_treino_47.csv_128-1,0.55
2015-2016_treino_48.csv_128-1,0.55
2015-2016_treino_49.csv_128-1,0.55
2015-2016_treino_50.csv_128-1,0.55
2015-2016_treino_51.csv_128-1,0.55
2015-2016_treino_52.csv_128-1,0.55
2015-2016_treino_53.csv_128-1,0.55
2015-2016_treino_54.csv_128-1,0.54
2015-2016_treino_55.csv_128-1,0.53
2015-2016_treino_56.csv_128-1,0.53
2015-2016_treino_57.csv_128-1,0.52
2015-2016_treino_58.csv_128-1,0.52
2015-2016_treino_59.csv_128-1,0.52
2015-2016_treino_60.csv_128-1,0.52
2015-2016_treino_61.csv_128-1,0.52
2015-2016_treino_62.csv_128-1,0.52
2015-2016_treino_63.csv_128-1,0.52
2015-2016_treino_64.csv_128-1,0.52
2015-2016_treino_65.csv_128-1,0.52
2015-2016_treino_66.csv_128-1,0.52
2015-2016_treino_67.csv_128-1,0.52
2015-2016_treino_68.csv_128-1,0.52
2015-2016_treino_69.csv_128-1,0.53
2015-2016_treino_70.csv_128-1,0.52
2015-2016_treino_71.csv_128-1,0.52
2015-2016_treino_72.csv_128-1,0.52
2015-2016_treino_73.csv_128-1,0.51
2015-2016_treino_74.csv_128-1,0.51
2015-2016_treino_75.csv_128-1,0.51
2015-2016_treino_76.csv_128-1,0.51
2015-2016_treino_77.csv_128-1,0.51
2015-2016_treino_78.csv_128-1,0.51
2015-2016_treino_79.csv_128-1,0.51
2015-2016_treino_80.csv_128-1,0.51
2015-2016_treino_81.csv_128-1,0.51
2015-2016_treino_82.csv_128-1,0.51
2015-2016_treino_83.csv_128-1,0.51
2015-2016_treino_84.csv_128-1,0.51
2015-2016_treino_85.csv_128-1,0.51
2015-2016_treino_86.csv_128-1,0.52
2015-2016_treino_87.csv_128-1,0.52
2015-2016_treino_88.csv_128-1,0.52
2015-2016_treino_89.csv_128-1,0.52
2015-2016_treino_90.csv_128-1,0.52
2015-2016_treino_91.csv_128-1,0.52
2015-2016_treino_92.csv_128-1,0.52
2015-2016_treino_93.csv_128-1,0.52
2015-2016_treino_94.csv_128-1,0.52
2015-2016_treino_95.csv_128-1,0.52
2015-2016_treino_96.csv_128-1,0.53
2015-2016_treino_97.csv_128-1,0.52
2015-2016_treino_98.csv_128-1,0.52
2015-2016_treino_99.csv_128-1,0.52
2015-2016_treino_100.csv_128-1,0.52
2015-2016_treino_101.csv_128-1,0.53
2015-2016_treino_102.csv_128-1,0.53
2015-2016_treino_103.csv_128-1,0.53
2015-2016_treino_104.csv_128-1,0.52
2015-2016_treino_105.csv_128-1,0.52
2015-2016_treino_106.csv_128-1,0.53
2015-2016_treino_107.csv_128-1,0.52
2015-2016_treino_108.csv_128-1,0.52
2015-2016_treino_109.csv_128-1,0.52
2015-2016_treino_110.csv_128-1,0.52
2015-2016_treino_111.csv_128-1,0.52
2015-2016_treino_112.csv_128-1,0.52
2015-2016_treino_113.csv_128-1,0.53
2015-2016_treino_114.csv_128-1,0.53
2015-2016_treino_115.csv_128-1,0.53
2015-2016_treino_116.csv_128-1,0.54
2015-2016_treino_117.csv_128-1,0.54
2015-2016_treino_118.csv_128-1,0.54
2015-2016_treino_119.csv_128-1,0.54
2015-2016_treino_120.csv_128-1,0.53
2015-2016_treino_121.csv_128-1,0.53
2015-2016_treino_122.csv_128-1,0.52
2015-2016_treino_123.csv_128-1,0.53
2015-2016_treino_124.csv_128-1,0.52
2015-2016_treino_125.csv_128-1,0.52
2015-2016_treino_126.csv_128-1,0.52
2015-2016_treino_127.csv_128-1,0.53
2016-2017_treino_1.csv_128-1,0.52
2016-2017_treino_2.csv_128-1,0.52
2016-2017_treino_3.csv_128-1,0.52
2016-2017_treino_4.csv_128-1,0.52
2016-2017_treino_5.csv_128-1,0.53
2016-2017_treino_6.csv_128-1,0.53
2016-2017_treino_7.csv_128-1,0.53
2016-2017_treino_8.csv_128-1,0.53
2016-2017_treino_9.csv_128-1,0.53
2016-2017_treino_10.csv_128-1,0.52
2016-2017_treino_11.csv_128-1,0.52
2016-2017_treino_12.csv_128-1,0.53
2016-2017_treino_13.csv_128-1,0.53
2016-2017_treino_14.csv_128-1,0.52
2016-2017_treino_15.csv_128-1,0.52
2016-2017_treino_16.csv_128-1,0.52
2016-2017_treino_17.csv_128-1,0.52
2016-2017_treino_18.csv_128-1,0.52
2016-2017_treino_19.csv_128-1,0.53
2016-2017_treino_20.csv_128-1,0.54
2016-2017_treino_21.csv_128-1,0.55
2016-2017_treino_22.csv_128-1,0.55
2016-2017_treino_23.csv_128-1,0.54
2016-2017_treino_24.csv_128-1,0.55
2016-2017_treino_25.csv_128-1,0.55
2016-2017_treino_26.csv_128-1,0.54
2016-2017_treino_27.csv_128-1,0.55
2016-2017_treino_28.csv_128-1,0.54
2016-2017_treino_29.csv_128-1,0.55
2016-2017_treino_30.csv_128-1,0.55
2016-2017_treino_31.csv_128-1,0.55
2016-2017_treino_32.csv_128-1,0.55
2016-2017_treino_33.csv_128-1,0.56
2016-2017_treino_34.csv_128-1,0.57
2016-2017_treino_35.csv_128-1,0.57
2016-2017_treino_36.csv_128-1,0.56
2016-2017_treino_37.csv_128-1,0.57
2016-2017_treino_38.csv_128-1,0.57
2016-2017_treino_39.csv_128-1,0.57
2016-2017_treino_40.csv_128-1,0.56
2016-2017_treino_41.csv_128-1,0.56
2016-2017_treino_42.csv_128-1,0.56
2016-2017_treino_43.csv_128-1,0.56
2016-2017_treino_44.csv_128-1,0.57
2016-2017_treino_45.csv_128-1,0.57
2016-2017_treino_46.csv_128-1,0.56
2016-2017_treino_47.csv_128-1,0.56
2016-2017_treino_48.csv_128-1,0.57
2016-2017_treino_49.csv_128-1,0.58
2016-2017_treino_50.csv_128-1,0.57
2016-2017_treino_51.csv_128-1,0.57
2016-2017_treino_52.csv_128-1,0.57
2016-2017_treino_53.csv_128-1,0.57
2016-2017_treino_54.csv_128-1,0.57
2016-2017_treino_55.csv_128-1,0.56
2016-2017_treino_56.csv_128-1,0.56
2016-2017_treino_57.csv_128-1,0.55
2016-2017_treino_58.csv_128-1,0.55
2016-2017_treino_59.csv_128-1,0.55
2016-2017_treino_60.csv_128-1,0.55
2016-2017_treino_61.csv_128-1,0.55
2016-2017_treino_62.csv_128-1,0.55
2016-2017_treino_63.csv_128-1,0.55
2016-2017_treino_64.csv_128-1,0.55
2016-2017_treino_65.csv_128-1,0.55
2016-2017_treino_66.csv_128-1,0.55
2016-2017_treino_67.csv_128-1,0.55
2016-2017_treino_68.csv_128-1,0.55
2016-2017_treino_69.csv_128-1,0.55
2016-2017_treino_70.csv_128-1,0.56
2016-2017_treino_71.csv_128-1,0.56
2016-2017_treino_72.csv_128-1,0.57
2016-2017_treino_73.csv_128-1,0.57
2016-2017_treino_74.csv_128-1,0.56
2016-2017_treino_75.csv_128-1,0.55
2016-2017_treino_76.csv_128-1,0.55
2016-2017_treino_77.csv_128-1,0.55
2016-2017_treino_78.csv_128-1,0.55
2016-2017_treino_79.csv_128-1,0.55
2016-2017_treino_80.csv_128-1,0.54
2016-2017_treino_81.csv_128-1,0.54
2016-2017_treino_82.csv_128-1,0.55
2016-2017_treino_83.csv_128-1,0.55
2016-2017_treino_84.csv_128-1,0.54
2016-2017_treino_85.csv_128-1,0.53
2016-2017_treino_86.csv_128-1,0.54
2016-2017_treino_87.csv_128-1,0.53
2016-2017_treino_88.csv_128-1,0.53
2016-2017_treino_89.csv_128-1,0.53
2016-2017_treino_90.csv_128-1,0.53
2016-2017_treino_91.csv_128-1,0.54
2016-2017_treino_92.csv_128-1,0.55
2016-2017_treino_93.csv_128-1,0.55
2016-2017_treino_94.csv_128-1,0.55
2016-2017_treino_95.csv_128-1,0.55
2016-2017_treino_96.csv_128-1,0.54
2016-2017_treino_97.csv_128-1,0.54
2016-2017_treino_98.csv_128-1,0.55
2016-2017_treino_99.csv_128-1,0.55
2016-2017_treino_100.csv_128-1,0.55
2016-2017_treino_101.csv_128-1,0.55
2016-2017_treino_102.csv_128-1,0.54
2016-2017_treino_103.csv_128-1,0.54
2016-2017_treino_104.csv_128-1,0.55
2016-2017_treino_105.csv_128-1,0.55
2016-2017_treino_106.csv_128-1,0.54
2016-2017_treino_107.csv_128-1,0.55
2016-2017_treino_108.csv_128-1,0.55
2016-2017_treino_109.csv_128-1,0.55
2016-2017_treino_110.csv_128-1,0.55
2016-2017_treino_111.csv_128-1,0.55
2016-2017_treino_112.csv_128-1,0.55
2016-2017_treino_113.csv_128-1,0.55
2016-2017_treino_114.csv_128-1,0.56
2016-2017_treino_115.csv_128-1,0.57
2016-2017_treino_116.csv_128-1,0.57
2016-2017_treino_117.csv_128-1,0.58
2016-2017_treino_118.csv_128-1,0.58
2016-2017_treino_119.csv_128-1,0.58
2016-2017_treino_120.csv_128-1,0.57
2016-2017_treino_121.csv_128-1,0.57
2016-2017_treino_122.csv_128-1,0.56
2016-2017_treino_123.csv_128-1,0.56
2016-2017_treino_124.csv_128-1,0.55
2016-2017_treino_125.csv_128-1,0.56
2016-2017_treino_126.csv_128-1,0.57
2016-2017_treino_127.csv_128-1,0.57
2016-2017_treino_128.csv_128-1,0.57
2016-2017_treino_129.csv_128-1,0.57
2016-2017_treino_130.csv_128-1,0.56
2016-2017_treino_131.csv_128-1,0.57
2016-2017_treino_132.csv_128-1,0.56
2018-2019_treino_1.csv_128-1,0.55
2018-2019_treino_2.csv_128-1,0.55
2018-2019_treino_3.csv_128-1,0.55
2018-2019_treino_4.csv_128-1,0.56
2018-2019_treino_5.csv_128-1,0.56
2018-2019_treino_6.csv_128-1,0.57
2018-2019_treino_7.csv_128-1,0.58
2018-2019_treino_8.csv_128-1,0.57
2018-2019_treino_9.csv_128-1,0.58
2018-2019_treino_10.csv_128-1,0.58
2018-2019_treino_11.csv_128-1,0.58
2018-2019_treino_12.csv_128-1,0.58
2018-2019_treino_13.csv_128-1,0.58
2018-2019_treino_14.csv_128-1,0.58
2018-2019_treino_15.csv_128-1,0.59
2018-2019_treino_16.csv_128-1,0.59
2018-2019_treino_17.csv_128-1,0.59
2018-2019_treino_18.csv_128-1,0.59
2018-2019_treino_19.csv_128-1,0.59
2018-2019_treino_20.csv_128-1,0.60
2018-2019_treino_21.csv_128-1,0.60
2018-2019_treino_22.csv_128-1,0.59
2018-2019_treino_23.csv_128-1,0.59
2018-2019_treino_24.csv_128-1,0.59
2018-2019_treino_25.csv_128-1,0.60
2018-2019_treino_26.csv_128-1,0.59
2018-2019_treino_27.csv_128-1,0.60
2018-2019_treino_28.csv_128-1,0.60
2018-2019_treino_29.csv_128-1,0.60
2018-2019_treino_30.csv_128-1,0.60
2018-2019_treino_31.csv_128-1,0.60
2018-2019_treino_32.csv_128-1,0.61
2018-2019_treino_33.csv_128-1,0.61
2018-2019_treino_34.csv_128-1,0.61
2018-2019_treino_35.csv_128-1,0.60
2018-2019_treino_36.csv_128-1,0.61
2018-2019_treino_37.csv_128-1,0.61
2018-2019_treino_38.csv_128-1,0.60
2018-2019_treino_39.csv_128-1,0.61
2018-2019_treino_40.csv_128-1,0.60
2018-2019_treino_41.csv_128-1,0.59
2018-2019_treino_42.csv_128-1,0.59
2018-2019_treino_43.csv_128-1,0.60
2018-2019_treino_44.csv_128-1,0.60
2018-2019_treino_45.csv_128-1,0.60
2018-2019_treino_46.csv_128-1,0.60
2018-2019_treino_47.csv_128-1,0.60
2018-2019_treino_48.csv_128-1,0.60
2018-2019_treino_49.csv_128-1,0.59
2018-2019_treino_50.csv_128-1,0.59
2018-2019_treino_51.csv_128-1,0.60
2018-2019_treino_52.csv_128-1,0.60
2018-2019_treino_53.csv_128-1,0.60
2018-2019_treino_54.csv_128-1,0.59
2018-2019_treino_55.csv_128-1,0.59
2018-2019_treino_56.csv_128-1,0.60
2018-2019_treino_57.csv_128-1,0.59
2018-2019_treino_58.csv_128-1,0.59
2018-2019_treino_59.csv_128-1,0.59
2018-2019_treino_60.csv_128-1,0.59
2018-2019_treino_61.csv_128-1,0.59
2018-2019_treino_62.csv_128-1,0.60
2018-2019_treino_63.csv_128-1,0.60
2018-2019_treino_64.csv_128-1,0.59
2018-2019_treino_65.csv_128-1,0.59
2018-2019_treino_66.csv_128-1,0.60
2018-2019_treino_67.csv_128-1,0.59
2018-2019_treino_68.csv_128-1,0.59
2018-2019_treino_69.csv_128-1,0.58
2018-2019_treino_70.csv_128-1,0.58
2018-2019_treino_71.csv_128-1,0.59
2018-2019_treino_72.csv_128-1,0.59
2018-2019_treino_73.csv_128-1,0.59
2018-2019_treino_74.csv_128-1,0.59
2018-2019_treino_75.csv_128-1,0.59
2018-2019_treino_76.csv_128-1,0.59
2018-2019_treino_77.csv_128-1,0.59
2018-2019_treino_78.csv_128-1,0.59
2018-2019_treino_79.csv_128-1,0.59
2018-2019_treino_80.csv_128-1,0.58
2018-2019_treino_81.csv_128-1,0.57
2018-2019_treino_82.csv_128-1,0.57
2018-2019_treino_83.csv_128-1,0.57
2018-2019_treino_84.csv_128-1,0.58
2018-2019_treino_85.csv_128-1,0.57
2018-2019_treino_86.csv_128-1,0.56
2018-2019_treino_87.csv_128-1,0.57
2018-2019_treino_88.csv_128-1,0.58
2018-2019_treino_89.csv_128-1,0.58
2018-2019_treino_90.csv_128-1,0.59
2019-2020_treino_1.csv_128-1,0.46
2019-2020_treino_2.csv_128-1,0.47
2019-2020_treino_3.csv_128-1,0.46
2019-2020_treino_4.csv_128-1,0.46
2019-2020_treino_5.csv_128-1,0.47
2019-2020_treino_6.csv_128-1,0.47
2019-2020_treino_7.csv_128-1,0.47
2019-2020_treino_8.csv_128-1,0.47
2019-2020_treino_9.csv_128-1,0.47
2019-2020_treino_10.csv_128-1,0.47
2019-2020_treino_11.csv_128-1,0.47
2019-2020_treino_12.csv_128-1,0.46
2019-2020_treino_13.csv_128-1,0.47
2019-2020_treino_14.csv_128-1,0.48
2019-2020_treino_15.csv_128-1,0.48
2019-2020_treino_16.csv_128-1,0.48
2019-2020_treino_17.csv_128-1,0.48
2019-2020_treino_18.csv_128-1,0.48
2019-2020_treino_19.csv_128-1,0.48
2019-2020_treino_20.csv_128-1,0.48
2019-2020_treino_21.csv_128-1,0.48
2019-2020_treino_22.csv_128-1,0.48
2019-2020_treino_23.csv_128-1,0.48
2019-2020_treino_24.csv_128-1,0.48
2019-2020_treino_25.csv_128-1,0.49
2019-2020_treino_26.csv_128-1,0.49
2019-2020_treino_27.csv_128-1,0.50
2019-2020_treino_28.csv_128-1,0.51
2019-2020_treino_29.csv_128-1,0.51
2019-2020_treino_30.csv_128-1,0.51
2019-2020_treino_31.csv_128-1,0.51
2019-2020_treino_32.csv_128-1,0.52
2019-2020_treino_33.csv_128-1,0.52
2019-2020_treino_34.csv_128-1,0.51
2019-2020_treino_35.csv_128-1,0.50
2019-2020_treino_36.csv_128-1,0.50
2019-2020_treino_37.csv_128-1,0.49
2019-2020_treino_38.csv_128-1,0.48
2019-2020_treino_39.csv_128-1,0.49
2019-2020_treino_40.csv_128-1,0.50
2019-2020_treino_41.csv_128-1,0.50
2019-2020_treino_42.csv_128-1,0.51
2019-2020_treino_43.csv_128-1,0.51
2019-2020_treino_44.csv_128-1,0.50
2019-2020_treino_45.csv_128-1,0.50
2019-2020_treino_46.csv_128-1,0.50
2019-2020_treino_47.csv_128-1,0.49
2019-2020_treino_48.csv_128-1,0.49
2019-2020_treino_49.csv_128-1,0.49
2019-2020_treino_50.csv_128-1,0.49
2019-2020_treino_51.csv_128-1,0.50
2019-2020_treino_52.csv_128-1,0.50
2019-2020_treino_53.csv_128-1,0.51
2019-2020_treino_54.csv_128-1,0.51
2019-2020_treino_55.csv_128-1,0.51
2019-2020_treino_56.csv_128-1,0.52
2019-2020_treino_57.csv_128-1,0.52
2019-2020_treino_58.csv_128-1,0.52
2019-2020_treino_59.csv_128-1,0.52
2019-2020_treino_60.csv_128-1,0.52
2019-2020_treino_61.csv_128-1,0.52
2019-2020_treino_62.csv_128-1,0.52
2019-2020_treino_63.csv_128-1,0.52
2019-2020_treino_64.csv_128-1,0.51
2019-2020_treino_65.csv_128-1,0.52
2019-2020_treino_66.csv_128-1,0.52
2019-2020_treino_67.csv_128-1,0.53
2019-2020_treino_68.csv_128-1,0.54
2019-2020_treino_69.csv_128-1,0.54
2019-2020_treino_70.csv_128-1,0.55
2019-2020_treino_71.csv_128-1,0.55
2019-2020_treino_72.csv_128-1,0.55
2019-2020_treino_73.csv_128-1,0.55
2019-2020_treino_74.csv_128-1,0.55
2019-2020_treino_75.csv_128-1,0.55
2019-2020_treino_76.csv_128-1,0.55
2019-2020_treino_77.csv_128-1,0.55
2019-2020_treino_78.csv_128-1,0.55
2019-2020_treino_79.csv_128-1,0.55
2020-2021_treino_1.csv_128-1,0.60
2020-2021_treino_2.csv_128-1,0.60
2020-2021_treino_3.csv_128-1,0.60
2020-2021_treino_4.csv_128-1,0.60
2020-2021_treino_5.csv_128-1,0.59
2020-2021_treino_6.csv_128-1,0.60
2020-2021_treino_7.csv_128-1,0.60
2020-2021_treino_8.csv_128-1,0.60
2020-2021_treino_9.csv_128-1,0.61
2020-2021_treino_10.csv_128-1,0.61
2020-2021_treino_11.csv_128-1,0.61
2020-2021_treino_12.csv_128-1,0.61
2020-2021_treino_13.csv_128-1,0.60
2020-2021_treino_14.csv_128-1,0.59
2020-2021_treino_15.csv_128-1,0.60
2020-2021_treino_16.csv_128-1,0.59
2020-2021_treino_17.csv_128-1,0.59
2020-2021_treino_18.csv_128-1,0.60
2020-2021_treino_19.csv_128-1,0.59
2020-2021_treino_20.csv_128-1,0.60
2020-2021_treino_21.csv_128-1,0.60
2020-2021_treino_22.csv_128-1,0.61
2020-2021_treino_23.csv_128-1,0.60
2020-2021_treino_24.csv_128-1,0.59
2020-2021_treino_25.csv_128-1,0.60
2020-2021_treino_26.csv_128-1,0.61
2020-2021_treino_27.csv_128-1,0.61
2020-2021_treino_28.csv_128-1,0.61
2020-2021_treino_29.csv_128-1,0.60
2020-2021_treino_30.csv_128-1,0.59
2020-2021_treino_31.csv_128-1,0.59
2020-2021_treino_32.csv_128-1,0.59
2020-2021_treino_33.csv_128-1,0.59
2020-2021_treino_34.csv_128-1,0.59
2020-2021_treino_35.csv_128-1,0.59
2020-2021_treino_36.csv_128-1,0.59
2020-2021_treino_37.csv_128-1,0.59
2020-2021_treino_38.csv_128-1,0.59
2020-2021_treino_39.csv_128-1,0.59
2020-2021_treino_40.csv_128-1,0.59
2020-2021_treino_41.csv_128-1,0.59
2020-2021_treino_42.csv_128-1,0.58
2020-2021_treino_43.csv_128-1,0.58
2020-2021_treino_44.csv_128-1,0.58
2020-2021_treino_45.csv_128-1,0.57
2020-2021_treino_46.csv_128-1,0.58
2020-2021_treino_47.csv_128-1,0.57
2020-2021_treino_48.csv_128-1,0.57
2020-2021_treino_49.csv_128-1,0.57
2020-2021_treino_50.csv_128-1,0.57
2020-2021_treino_51.csv_128-1,0.57
2020-2021_treino_52.csv_128-1,0.57
2020-2021_treino_53.csv_128-1,0.57
2020-2021_treino_54.csv_128-1,0.57
2020-2021_treino_55.csv_128-1,0.56
2020-2021_treino_56.csv_128-1,0.56
2020-2021_treino_57.csv_128-1,0.56
2020-2021_treino_58.csv_128-1,0.56
2020-2021_treino_59.csv_128-1,0.55
2020-2021_treino_60.csv_128-1,0.55
2020-2021_treino_61.csv_128-1,0.54
2020-2021_treino_62.csv_128-1,0.54
2020-2021_treino_63.csv_128-1,0.53
2020-2021_treino_64.csv_128-1,0.52
2020-2021_treino_65.csv_128-1,0.52
2020-2021_treino_66.csv_128-1,0.53
2020-2021_treino_67.csv_128-1,0.54
2020-2021_treino_68.csv_128-1,0.54
2020-2021_treino_69.csv_128-1,0.55
2020-2021_treino_70.csv_128-1,0.54
2020-2021_treino_71.csv_128-1,0.55
2020-2021_treino_72.csv_128-1,0.55
2020-2021_treino_73.csv_128-1,0.55
2020-2021_treino_74.csv_128-1,0.55
2020-2021_treino_75.csv_128-1,0.55
2020-2021_treino_76.csv_128-1,0.55
2020-2021_treino_77.csv_128-1,0.55
2020-2021_treino_78.csv_128-1,0.55
2020-2021_treino_79.csv_128-1,0.55
2020-2021_treino_80.csv_128-1,0.55
2020-2021_treino_81.csv_128-1,0.55
2020-2021_treino_82.csv_128-1,0.55
2020-2021_treino_83.csv_128-1,0.55
2020-2021_treino_84.csv_128-1,0.55
2020-2021_treino_85.csv_128-1,0.56
2020-2021_treino_86.csv_128-1,0.56
2020-2021_treino_87.csv_128-1,0.55
2020-2021_treino_88.csv_128-1,0.55
2020-2021_treino_89.csv_128-1,0.55
2020-2021_treino_90.csv_128-1,0.55
2020-2021_treino_91.csv_128-1,0.56
2020-2021_treino_92.csv_128-1,0.56
2020-2021_treino_93.csv_128-1,0.56
2020-2021_treino_94.csv_128-1,0.55
2020-2021_treino_95.csv_128-1,0.55
2020-2021_treino_96.csv_128-1,0.55
2020-2021_treino_97.csv_128-1,0.55
2020-2021_treino_98.csv_128-1,0.54
2020-2021_treino_99.csv_128-1,0.54
2020-2021_treino_100.csv_128-1,0.54
2020-2021_treino_101.csv_128-1,0.54
2020-2021_treino_102.csv_128-1,0.54
2020-2021_treino_103.csv_128-1,0.54
2020-2021_treino_104.csv_128-1,0.53
2020-2021_treino_105.csv_128-1,0.53
2020-2021_treino_106.csv_128-1,0.52
2020-2021_treino_107.csv_128-1,0.52
2020-2021_treino_108.csv_128-1,0.51
2020-2021_treino_109.csv_128-1,0.51
2020-2021_treino_110.csv_128-1,0.52
2020-2021_treino_111.csv_128-1,0.52
2020-2021_treino_112.csv_128-1,0.52
2020-2021_treino_113.csv_128-1,0.51
2020-2021_treino_114.csv_128-1,0.50
2020-2021_treino_115.csv_128-1,0.50
2020-2021_treino_116.csv_128-1,0.51
2020-2021_treino_117.csv_128-1,0.50
2020-2021_treino_118.csv_128-1,0.51
2020-2021_treino_119.csv_128-1,0.52
2020-2021_treino_120.csv_128-1,0.52
2020-2021_treino_121.csv_128-1,0.52
2020-2021_treino_122.csv_128-1,0.51
2020-2021_treino_123.csv_128-1,0.50
2020-2021_treino_124.csv_128-1,0.50
2020-2021_treino_125.csv_128-1,0.51
2020-2021_treino_126.csv_128-1,0.50
2020-2021_treino_127.csv_128-1,0.51
2020-2021_treino_128.csv_128-1,0.50
2020-2021_treino_129.csv_128-1,0.50
2020-2021_treino_130.csv_128-1,0.51
2020-2021_treino_131.csv_128-1,0.50
2020-2021_treino_132.csv_128-1,0.51
2020-2021_treino_133.csv_128-1,0.52
2020-2021_treino_134.csv_128-1,0.51
2020-2021_treino_135.csv_128-1,0.50
2020-2021_treino_136.csv_128-1,0.51
2020-2021_treino_137.csv_128-1,0.51
2020-2021_treino_138.csv_128-1,0.50
2021-2022_treino_1.csv_128-1,0.57
2021-2022_treino_2.csv_128-1,0.58
2021-2022_treino_3.csv_128-1,0.59
2021-2022_treino_4.csv_128-1,0.59
2021-2022_treino_5.csv_128-1,0.59
2021-2022_treino_6.csv_128-1,0.59
2021-2022_treino_7.csv_128-1,0.60
2021-2022_treino_8.csv_128-1,0.61
2021-2022_treino_9.csv_128-1,0.61
2021-2022_treino_10.csv_128-1,0.62
2021-2022_treino_11.csv_128-1,0.62
2021-2022_treino_12.csv_128-1,0.62
2021-2022_treino_13.csv_128-1,0.62
2021-2022_treino_14.csv_128-1,0.62
2021-2022_treino_15.csv_128-1,0.62
2021-2022_treino_16.csv_128-1,0.62
2021-2022_treino_17.csv_128-1,0.62
2021-2022_treino_18.csv_128-1,0.62
2021-2022_treino_19.csv_128-1,0.62
2021-2022_treino_20.csv_128-1,0.62
2021-2022_treino_21.csv_128-1,0.62
2021-2022_treino_22.csv_128-1,0.62
2021-2022_treino_23.csv_128-1,0.62
2021-2022_treino_24.csv_128-1,0.62
2021-2022_treino_25.csv_128-1,0.63
2021-2022_treino_26.csv_128-1,0.63
2021-2022_treino_27.csv_128-1,0.63
2021-2022_treino_28.csv_128-1,0.63
2021-2022_treino_29.csv_128-1,0.63
2021-2022_treino_30.csv_128-1,0.63
2021-2022_treino_31.csv_128-1,0.63
2021-2022_treino_32.csv_128-1,0.64
2021-2022_treino_33.csv_128-1,0.64
2021-2022_treino_34.csv_128-1,0.64
2021-2022_treino_35.csv_128-1,0.65
2021-2022_treino_36.csv_128-1,0.64
2021-2022_treino_37.csv_128-1,0.63
2021-2022_treino_38.csv_128-1,0.64
2021-2022_treino_39.csv_128-1,0.64
2021-2022_treino_40.csv_128-1,0.64
2021-2022_treino_41.csv_128-1,0.65
2021-2022_treino_42.csv_128-1,0.66
2021-2022_treino_43.csv_128-1,0.65
2021-2022_treino_44.csv_128-1,0.64
2021-2022_treino_45.csv_128-1,0.64
2021-2022_treino_46.csv_128-1,0.65
2021-2022_treino_47.csv_128-1,0.66
2021-2022_treino_48.csv_128-1,0.66
2021-2022_treino_49.csv_128-1,0.66
2021-2022_treino_50.csv_128-1,0.66
2021-2022_treino_51.csv_128-1,0.66
2021-2022_treino_52.csv_128-1,0.66
2021-2022_treino_53.csv_128-1,0.66
2021-2022_treino_54.csv_128-1,0.66
2021-2022_treino_55.csv_128-1,0.66
2021-2022_treino_56.csv_128-1,0.66
2021-2022_treino_57.csv_128-1,0.66
2021-2022_treino_58.csv_128-1,0.66
2021-2022_treino_59.csv_128-1,0.66
2021-2022_treino_60.csv_128-1,0.66
2021-2022_treino_61.csv_128-1,0.66
2021-2022_treino_62.csv_128-1,0.66
2021-2022_treino_63.csv_128-1,0.66
2021-2022_treino_64.csv_128-1,0.66
2021-2022_treino_65.csv_128-1,0.66
2021-2022_treino_66.csv_128-1,0.66
2021-2022_treino_67.csv_128-1,0.66
2021-2022_treino_68.csv_128-1,0.66
2021-2022_treino_69.csv_128-1,0.66
2021-2022_treino_70.csv_128-1,0.66
2021-2022_treino_71.csv_128-1,0.66
2021-2022_treino_72.csv_128-1,0.66
2021-2022_treino_73.csv_128-1,0.67
2021-2022_treino_74.csv_128-1,0.67
2021-2022_treino_75.csv_128-1,0.67
2021-2022_treino_76.csv_128-1,0.67
2021-2022_treino_77.csv_128-1,0.67
2021-2022_treino_78.csv_128-1,0.67
2021-2022_treino_79.csv_128-1,0.67
2021-2022_treino_80.csv_128-1,0.67
2021-2022_treino_81.csv_128-1,0.68
2021-2022_treino_82.csv_128-1,0.69
2021-2022_treino_83.csv_128-1,0.68
2021-2022_treino_84.csv_128-1,0.68
2021-2022_treino_85.csv_128-1,0.69
2021-2022_treino_86.csv_128-1,0.69
2021-2022_treino_87.csv_128-1,0.68
2021-2022_treino_88.csv_128-1,0.68
2021-2022_treino_89.csv_128-1,0.68
2021-2022_treino_90.csv_128-1,0.68
2021-2022_treino_91.csv_128-1,0.67
2021-2022_treino_92.csv_128-1,0.66
2021-2022_treino_93.csv_128-1,0.66
2021-2022_treino_94.csv_128-1,0.66
2021-2022_treino_95.csv_128-1,0.66
2021-2022_treino_96.csv_128-1,0.66
2021-2022_treino_97.csv_128-1,0.66
2021-2022_treino_98.csv_128-1,0.66
2021-2022_treino_99.csv_128-1,0.66
2021-2022_treino_100.csv_128-1,0.66
2021-2022_treino_101.csv_128-1,0.65
2021-2022_treino_102.csv_128-1,0.65
2021-2022_treino_103.csv_128-1,0.66
2021-2022_treino_104.csv_128-1,0.65
2021-2022_treino_105.csv_128-1,0.64
2021-2022_treino_106.csv_128-1,0.63
2021-2022_treino_107.csv_128-1,0.64
2021-2022_treino_108.csv_128-1,0.65
2021-2022_treino_109.csv_128-1,0.64
2021-2022_treino_110.csv_128-1,0.64
2021-2022_treino_111.csv_128-1,0.63
2021-2022_treino_112.csv_128-1,0.63
2021-2022_treino_113.csv_128-1,0.64
2021-2022_treino_114.csv_128-1,0.64
2021-2022_treino_115.csv_128-1,0.65
2021-2022_treino_116.csv_128-1,0.65
2021-2022_treino_117.csv_128-1,0.65
2021-2022_treino_118.csv_128-1,0.65
2021-2022_treino_119.csv_128-1,0.65
2021-2022_treino_120.csv_128-1,0.65
2021-2022_treino_121.csv_128-1,0.65
2021-2022_treino_122.csv_128-1,0.66
2021-2022_treino_123.csv_128-1,0.66
2021-2022_treino_124.csv_128-1,0.66
2021-2022_treino_125.csv_128-1,0.66
2021-2022_treino_126.csv_128-1,0.65
2021-2022_treino_127.csv_128-1,0.65
2021-2022_treino_128.csv_128-1,0.65
2021-2022_treino_129.csv_128-1,0.65
2021-2022_treino_130.csv_128-1,0.64
2021-2022_treino_131.csv_128-1,0.63
2021-2022_treino_132.csv_128-1,0.64
2021-2022_treino_133.csv_128-1,0.63
2021-2022_treino_134.csv_128-1,0.62
2021-2022_treino_135.csv_128-1,0.62
2021-2022_treino_136.csv_128-1,0.62
2021-2022_treino_137.csv_128-1,0.62
2021-2022_treino_138.csv_128-1,0.62
2021-2022_treino_139.csv_128-1,0.62
2021-2022_treino_140.csv_128-1,0.62
2021-2022_treino_141.csv_128-1,0.61
2021-2022_treino_142.csv_128-1,0.61
2021-2022_treino_143.csv_128-1,0.62
2021-2022_treino_144.csv_128-1,0.61
2021-2022_treino_145.csv_128-1,0.61
2021-2022_treino_146.csv_128-1,0.61
2021-2022_treino_147.csv_128-1,0.61
2021-2022_treino_148.csv_128-1,0.61
2021-2022_treino_149.csv_128-1,0.61
2021-2022_treino_150.csv_128-1,0.61
2021-2022_treino_151.csv_128-1,0.61
2021-2022_treino_152.csv_128-1,0.61
2021-2022_treino_153.csv_128-1,0.61
2021-2022_treino_154.csv_128-1,0.62
2021-2022_treino_155.csv_128-1,0.62
2021-2022_treino_156.csv_128-1,0.62
2021-2022_treino_157.csv_128-1,0.62
2021-2022_treino_158.csv_128-1,0.62
2021-2022_treino_159.csv_128-1,0.62
2021-2022_treino_160.csv_128-1,0.62
2021-2022_treino_161.csv_128-1,0.61
2021-2022_treino_162.csv_128-1,0.61
2021-2022_treino_163.csv_128-1,0.60
2021-2022_treino_164.csv_128-1,0.60
2021-2022_treino_165.csv_128-1,0.60
2021-2022_treino_166.csv_128-1,0.60
2021-2022_treino_167.csv_128-1,0.60
2021-2022_treino_168.csv_128-1,0.60
2021-2022_treino_169.csv_128-1,0.60
2021-2022_treino_170.csv_128-1,0.59
2021-2022_treino_171.csv_128-1,0.59
2021-2022_treino_172.csv_128-1,0.59
2021-2022_treino_173.csv_128-1,0.59
2021-2022_treino_174.csv_128-1,0.59
2021-2022_treino_175.csv_128-1,0.59
2021-2022_treino_176.csv_128-1,0.59
2022-2023_treino_1.csv_128-1,0.55
2022-2023_treino_2.csv_128-1,0.55
2022-2023_treino_3.csv_128-1,0.55
2022-2023_treino_4.csv_128-1,0.54
2022-2023_treino_5.csv_128-1,0.53
2022-2023_treino_6.csv_128-1,0.53
2022-2023_treino_7.csv_128-1,0.53
2022-2023_treino_8.csv_128-1,0.53
2022-2023_treino_9.csv_128-1,0.53
2022-2023_treino_10.csv_128-1,0.53
2022-2023_treino_11.csv_128-1,0.52
2022-2023_treino_12.csv_128-1,0.52
2022-2023_treino_13.csv_128-1,0.53
2022-2023_treino_14.csv_128-1,0.54
2022-2023_treino_15.csv_128-1,0.54
2022-2023_treino_16.csv_128-1,0.55
2022-2023_treino_17.csv_128-1,0.54
2022-2023_treino_18.csv_128-1,0.55
2022-2023_treino_19.csv_128-1,0.55
2022-2023_treino_20.csv_128-1,0.55
2022-2023_treino_21.csv_128-1,0.56
2022-2023_treino_22.csv_128-1,0.56
2022-2023_treino_23.csv_128-1,0.55
2022-2023_treino_24.csv_128-1,0.55
2022-2023_treino_25.csv_128-1,0.56
2022-2023_treino_26.csv_128-1,0.55
2022-2023_treino_27.csv_128-1,0.55
2022-2023_treino_28.csv_128-1,0.54
2022-2023_treino_29.csv_128-1,0.53
2022-2023_treino_30.csv_128-1,0.54
2022-2023_treino_31.csv_128-1,0.54
2022-2023_treino_32.csv_128-1,0.54
2022-2023_treino_33.csv_128-1,0.54
2022-2023_treino_34.csv_128-1,0.55
2022-2023_treino_35.csv_128-1,0.54
2022-2023_treino_36.csv_128-1,0.53
2022-2023_treino_37.csv_128-1,0.53
2022-2023_treino_38.csv_128-1,0.53
2022-2023_treino_39.csv_128-1,0.53
2022-2023_treino_40.csv_128-1,0.53
2022-2023_treino_41.csv_128-1,0.52
2022-2023_treino_42.csv_128-1,0.52
2022-2023_treino_43.csv_128-1,0.52
2022-2023_treino_44.csv_128-1,0.52
2022-2023_treino_45.csv_128-1,0.51
2022-2023_treino_46.csv_128-1,0.51
2022-2023_treino_47.csv_128-1,0.51
2022-2023_treino_48.csv_128-1,0.52
2022-2023_treino_49.csv_128-1,0.52
2022-2023_treino_50.csv_128-1,0.52
2022-2023_treino_51.csv_128-1,0.52
2022-2023_treino_52.csv_128-1,0.52
2022-2023_treino_53.csv_128-1,0.52
2022-2023_treino_54.csv_128-1,0.52
2022-2023_treino_55.csv_128-1,0.53
2022-2023_treino_56.csv_128-1,0.52
2022-2023_treino_57.csv_128-1,0.52
2022-2023_treino_58.csv_128-1,0.52
2022-2023_treino_59.csv_128-1,0.52
2022-2023_treino_60.csv_128-1,0.52
2022-2023_treino_61.csv_128-1,0.51
2022-2023_treino_62.csv_128-1,0.51
2022-2023_treino_63.csv_128-1,0.51
2022-2023_treino_64.csv_128-1,0.52
2022-2023_treino_65.csv_128-1,0.51
2022-2023_treino_66.csv_128-1,0.51
2022-2023_treino_67.csv_128-1,0.51
2022-2023_treino_68.csv_128-1,0.52
2022-2023_treino_69.csv_128-1,0.52
2022-2023_treino_70.csv_128-1,0.52
2022-2023_treino_71.csv_128-1,0.52
2022-2023_treino_72.csv_128-1,0.52
2022-2023_treino_73.csv_128-1,0.53
2022-2023_treino_74.csv_128-1,0.53
2022-2023_treino_75.csv_128-1,0.53
2022-2023_treino_76.csv_128-1,0.52
2022-2023_treino_77.csv_128-1,0.52
2022-2023_treino_78.csv_128-1,0.52
2022-2023_treino_79.csv_128-1,0.51
2022-2023_treino_80.csv_128-1,0.51
2022-2023_treino_81.csv_128-1,0.51
2022-2023_treino_82.csv_128-1,0.51
2022-2023_treino_83.csv_128-1,0.51
2022-2023_treino_84.csv_128-1,0.52
2022-2023_treino_85.csv_128-1,0.51
2022-2023_treino_86.csv_128-1,0.51
2022-2023_treino_87.csv_128-1,0.52
2022-2023_treino_88.csv_128-1,0.52
2022-2023_treino_89.csv_128-1,0.53
2022-2023_treino_90.csv_128-1,0.53
2022-2023_treino_91.csv_128-1,0.54
2022-2023_treino_92.csv_128-1,0.55
2022-2023_treino_93.csv_128-1,0.55
2022-2023_treino_94.csv_128-1,0.55
2022-2023_treino_95.csv_128-1,0.56
2022-2023_treino_96.csv_128-1,0.57
2022-2023_treino_97.csv_128-1,0.57
2022-2023_treino_98.csv_128-1,0.57
2022-2023_treino_99.csv_128-1,0.58
2022-2023_treino_100.csv_128-1,0.57
2022-2023_treino_101.csv_128-1,0.56
2022-2023_treino_102.csv_128-1,0.57
2022-2023_treino_103.csv_128-1,0.56
2022-2023_treino_104.csv_128-1,0.56
2022-2023_treino_105.csv_128-1,0.56
2022-2023_treino_106.csv_128-1,0.55
2022-2023_treino_107.csv_128-1,0.55
2022-2023_treino_108.csv_128-1,0.56
2022-2023_treino_109.csv_128-1,0.55
2022-2023_treino_110.csv_128-1,0.55
2022-2023_treino_111.csv_128-1,0.55
2022-2023_treino_112.csv_128-1,0.56
2022-2023_treino_113.csv_128-1,0.57
2022-2023_treino_114.csv_128-1,0.57
2022-2023_treino_115.csv_128-1,0.57
2022-2023_treino_116.csv_128-1,0.56
2022-2023_treino_117.csv_128-1,0.56
2022-2023_treino_118.csv_128-1,0.55
2022-2023_treino_119.csv_128-1,0.55
2022-2023_treino_120.csv_128-1,0.55
2022-2023_treino_121.csv_128-1,0.55
2022-2023_treino_122.csv_128-1,0.55
2022-2023_treino_123.csv_128-1,0.55
2022-2023_treino_124.csv_128-1,0.54
2022-2023_treino_125.csv_128-1,0.55
2022-2023_treino_126.csv_128-1,0.55
2022-2023_treino_127.csv_128-1,0.55
2022-2023_treino_128.csv_128-1,0.54
2022-2023_treino_129.csv_128-1,0.55
2022-2023_treino_130.csv_128-1,0.55
2022-2023_treino_131.csv_128-1,0.55
2022-2023_treino_132.csv_128-1,0.55
2022-2023_treino_133.csv_128-1,0.55
2022-2023_treino_134.csv_128-1,0.56
2022-2023_treino_135.csv_128-1,0.56
2022-2023_treino_136.csv_128-1,0.57
2022-2023_treino_137.csv_128-1,0.58
2022-2023_treino_138.csv_128-1,0.57
2022-2023_treino_139.csv_128-1,0.57
2022-2023_treino_140.csv_128-1,0.58
2022-2023_treino_141.csv_128-1,0.58
2022-2023_treino_142.csv_128-1,0.58
2022-2023_treino_143.csv_128-1,0.58
2022-2023_treino_144.csv_128-1,0.58
2022-2023_treino_145.csv_128-1,0.58
2022-2023_treino_146.csv_128-1,0.58
2022-2023_treino_147.csv_128-1,0.57
2022-2023_treino_148.csv_128-1,0.57
2022-2023_treino_149.csv_128-1,0.56
2022-2023_treino_150.csv_128-1,0.57
2022-2023_treino_151.csv_128-1,0.58
2022-2023_treino_152.csv_128-1,0.58
2022-2023_treino_153.csv_128-1,0.57
2022-2023_treino_154.csv_128-1,0.58
2022-2023_treino_155.csv_128-1,0.59
2022-2023_treino_156.csv_128-1,0.59
2022-2023_treino_157.csv_128-1,0.60
2022-2023_treino_158.csv_128-1,0.59
2022-2023_treino_159.csv_128-1,0.59
2022-2023_treino_160.csv_128-1,0.60
2022-2023_treino_161.csv_128-1,0.59
2022-2023_treino_162.csv_128-1,0.59
2022-2023_treino_163.csv_128-1,0.59
2022-2023_treino_164.csv_128-1,0.59
2022-2023_treino_165.csv_128-1,0.59
2022-2023_treino_166.csv_128-1,0.60
2022-2023_treino_167.csv_128-1,0.61
2022-2023_treino_168.csv_128-1,0.61
2022-2023_treino_169.csv_128-1,0.61
2022-2023_treino_170.csv_128-1,0.62
2022-2023_treino_171.csv_128-1,0.62
2022-2023_treino_172.csv_128-1,0.62
2022-2023_treino_173.csv_128-1,0.62
2022-2023_treino_174.csv_128-1,0.62
2022-2023_treino_175.csv_128-1,0.63
2022-2023_treino_176.csv_128-1,0.63
2022-2023_treino_177.csv_128-1,0.63
2022-2023_treino_178.csv_128-1,0.62
2022-2023_treino_179.csv_128-1,0.62
2022-2023_treino_180.csv_128-1,0.62
2022-2023_treino_181.csv_128-1,0.62
2022-2023_treino_182.csv_128-1,0.61
2022-2023_treino_183.csv_128-1,0.60
2022-2023_treino_184.csv_128-1,0.60
2023-2024_treino_1.csv_128-1,0.57
2023-2024_treino_2.csv_128-1,0.57
2023-2024_treino_3.csv_128-1,0.56
2023-2024_treino_4.csv_128-1,0.57
2023-2024_treino_5.csv_128-1,0.58
2023-2024_treino_6.csv_128-1,0.58
2023-2024_treino_7.csv_128-1,0.58
2023-2024_treino_8.csv_128-1,0.58
2023-2024_treino_9.csv_128-1,0.58
2023-2024_treino_10.csv_128-1,0.57
2023-2024_treino_11.csv_128-1,0.57
2023-2024_treino_12.csv_128-1,0.57
2023-2024_treino_13.csv_128-1,0.57
2023-2024_treino_14.csv_128-1,0.57
2023-2024_treino_15.csv_128-1,0.58
2023-2024_treino_16.csv_128-1,0.59
2023-2024_treino_17.csv_128-1,0.59
2023-2024_treino_18.csv_128-1,0.59
2023-2024_treino_19.csv_128-1,0.59
2023-2024_treino_20.csv_128-1,0.59
2023-2024_treino_21.csv_128-1,0.59
2023-2024_treino_22.csv_128-1,0.59
2023-2024_treino_23.csv_128-1,0.59
2023-2024_treino_24.csv_128-1,0.59
2023-2024_treino_25.csv_128-1,0.59
2023-2024_treino_26.csv_128-1,0.59
2023-2024_treino_27.csv_128-1,0.59
2023-2024_treino_28.csv_128-1,0.59
2023-2024_treino_29.csv_128-1,0.59
2023-2024_treino_30.csv_128-1,0.59
2023-2024_treino_31.csv_128-1,0.59
2023-2024_treino_32.csv_128-1,0.59
2023-2024_treino_33.csv_128-1,0.59
2023-2024_treino_34.csv_128-1,0.59
2023-2024_treino_35.csv_128-1,0.59
2023-2024_treino_36.csv_128-1,0.59
2023-2024_treino_37.csv_128-1,0.59
2023-2024_treino_38.csv_128-1,0.59
2023-2024_treino_39.csv_128-1,0.59
2023-2024_treino_40.csv_128-1,0.59
2023-2024_treino_41.csv_128-1,0.59
2023-2024_treino_42.csv_128-1,0.59
2023-2024_treino_43.csv_128-1,0.59
2023-2024_treino_44.csv_128-1,0.59
2023-2024_treino_45.csv_128-1,0.59
2023-2024_treino_46.csv_128-1,0.59
2023-2024_treino_47.csv_128-1,0.59
2023-2024_treino_48.csv_128-1,0.59
2023-2024_treino_49.csv_128-1,0.59
2023-2024_treino_50.csv_128-1,0.59
2023-2024_treino_51.csv_128-1,0.58
2023-2024_treino_52.csv_128-1,0.59
2023-2024_treino_53.csv_128-1,0.58
2023-2024_treino_54.csv_128-1,0.57
2023-2024_treino_55.csv_128-1,0.57
2023-2024_treino_56.csv_128-1,0.57
2023-2024_treino_57.csv_128-1,0.57
2023-2024_treino_58.csv_128-1,0.57
2023-2024_treino_59.csv_128-1,0.57
2023-2024_treino_60.csv_128-1,0.57
2023-2024_treino_61.csv_128-1,0.56
2023-2024_treino_62.csv_128-1,0.56
2023-2024_treino_63.csv_128-1,0.56
2023-2024_treino_64.csv_128-1,0.56
2023-2024_treino_65.csv_128-1,0.57
2023-2024_treino_66.csv_128-1,0.57
2023-2024_treino_67.csv_128-1,0.57
2023-2024_treino_68.csv_128-1,0.57
2023-2024_treino_69.csv_128-1,0.56
2023-2024_treino_70.csv_128-1,0.55
2023-2024_treino_71.csv_128-1,0.55
2023-2024_treino_72.csv_128-1,0.54
2023-2024_treino_73.csv_128-1,0.54
2023-2024_treino_74.csv_128-1,0.54
2023-2024_treino_75.csv_128-1,0.54
2023-2024_treino_76.csv_128-1,0.54
2023-2024_treino_77.csv_128-1,0.55
2023-2024_treino_78.csv_128-1,0.55
2023-2024_treino_79.csv_128-1,0.55
2023-2024_treino_80.csv_128-1,0.55
2023-2024_treino_81.csv_128-1,0.55
2023-2024_treino_82.csv_128-1,0.55
2023-2024_treino_83.csv_128-1,0.55
2023-2024_treino_84.csv_128-1,0.55
2023-2024_treino_85.csv_128-1,0.55
2023-2024_treino_86.csv_128-1,0.56
2023-2024_treino_87.csv_128-1,0.55
2023-2024_treino_88.csv_128-1,0.55
2023-2024_treino_89.csv_128-1,0.54
2023-2024_treino_90.csv_128-1,0.54
2023-2024_treino_91.csv_128-1,0.54
2023-2024_treino_92.csv_128-1,0.54
2023-2024_treino_93.csv_128-1,0.53
2023-2024_treino_94.csv_128-1,0.53
2023-2024_treino_95.csv_128-1,0.53
2023-2024_treino_96.csv_128-1,0.53
2023-2024_treino_97.csv_128-1,0.53
2023-2024_treino_98.csv_128-1,0.54
2023-2024_treino_99.csv_128-1,0.54
2023-2024_treino_100.csv_128-1,0.54
2023-2024_treino_101.csv_128-1,0.53
2023-2024_treino_102.csv_128-1,0.53
2023-2024_treino_103.csv_128-1,0.53
2023-2024_treino_104.csv_128-1,0.54
2023-2024_treino_105.csv_128-1,0.55
2023-2024_treino_106.csv_128-1,0.54
2023-2024_treino_107.csv_128-1,0.54
2023-2024_treino_108.csv_128-1,0.55
2023-2024_treino_109.csv_128-1,0.55
2023-2024_treino_110.csv_128-1,0.55
2023-2024_treino_111.csv_128-1,0.56
2023-2024_treino_112.csv_128-1,0.56
2023-2024_treino_113.csv_128-1,0.55
2023-2024_treino_114.csv_128-1,0.55
2023-2024_treino_115.csv_128-1,0.54
2023-2024_treino_116.csv_128-1,0.55
2023-2024_treino_117.csv_128-1,0.55
2023-2024_treino_118.csv_128-1,0.55
2023-2024_treino_119.csv_128-1,0.55
2023-2024_treino_120.csv_128-1,0.55
2023-2024_treino_121.csv_128-1,0.55
2023-2024_treino_122.csv_128-1,0.55
2023-2024_treino_123.csv_128-1,0.55
2023-2024_treino_124.csv_128-1,0.55
2023-2024_treino_125.csv_128-1,0.54
2023-2024_treino_126.csv_128-1,0.54
2023-2024_treino_127.csv_128-1,0.54
2023-2024_treino_128.csv_128-1,0.55
2023-2024_treino_129.csv_128-1,0.54
2023-2024_treino_130.csv_128-1,0.55
2023-2024_treino_131.csv_128-1,0.55
2023-2024_treino_132.csv_128-1,0.55
2023-2024_treino_133.csv_128-1,0.55
2023-2024_treino_134.csv_128-1,0.54
2023-2024_treino_135.csv_128-1,0.54
2023-2024_treino_136.csv_128-1,0.54
2023-2024_treino_137.csv_128-1,0.54
2023-2024_treino_138.csv_128-1,0.55
2023-2024_treino_139.csv_128-1,0.55
2023-2024_treino_140.csv_128-1,0.55
2023-2024_treino_141.csv_128-1,0.55
2023-2024_treino_142.csv_128-1,0.55
2023-2024_treino_143.csv_128-1,0.55
2023-2024_treino_144.csv_128-1,0.54
2023-2024_treino_145.csv_128-1,0.54
2023-2024_treino_146.csv_128-1,0.54
2023-2024_treino_147.csv_128-1,0.55
2023-2024_treino_148.csv_128-1,0.55
2023-2024_treino_149.csv_128-1,0.55
2023-2024_treino_150.csv_128-1,0.56
2023-2024_treino_151.csv_128-1,0.56
2023-2024_treino_152.csv_128-1,0.56
2023-2024_treino_153.csv_128-1,0.56
2023-2024_treino_154.csv_128-1,0.56
2023-2024_treino_155.csv_128-1,0.55
2023-2024_treino_156.csv_128-1,0.56
2023-2024_treino_157.csv_128-1,0.57
2023-2024_treino_158.csv_128-1,0.57
2023-2024_treino_159.csv_128-1,0.57
2023-2024_treino_160.csv_128-1,0.56
2023-2024_treino_161.csv_128-1,0.57
2023-2024_treino_162.csv_128-1,0.57
2023-2024_treino_163.csv_128-1,0.57
2023-2024_treino_164.csv_128-1,0.57
2023-2024_treino_165.csv_128-1,0.56
2023-2024_treino_166.csv_128-1,0.56
2023-2024_treino_167.csv_128-1,0.57
2023-2024_treino_168.csv_128-1,0.58
2023-2024_treino_169.csv_128-1,0.58
2023-2024_treino_170.csv_128-1,0.57
2023-2024_treino_171.csv_128-1,0.57
2023-2024_treino_172.csv_128-1,0.58
2023-2024_treino_173.csv_128-1,0.59
2023-2024_treino_174.csv_128-1,0.59
2023-2024_treino_175.csv_128-1,0.59
2023-2024_treino_176.csv_128-1,0.60
2023-2024_treino_177.csv_128-1,0.60
2023-2024_treino_178.csv_128-1,0.59
2023-2024_treino_179.csv_128-1,0.60
2023-2024_treino_180.csv_128-1,0.59
2023-2024_treino_181.csv_128-1,0.60
2023-2024_treino_182.csv_128-1,0.61
2023-2024_treino_183.csv_128-1,0.60
2023-2024_treino_184.csv_128-1,0.60
2023-2024_treino_185.csv_128-1,0.59
2023-2024_treino_186.csv_128-1,0.60
2023-2024_treino_187.csv_128-1,0.60
2023-2024_treino_188.csv_128-1,0.60
2023-2024_treino_189.csv_128-1,0.61
2023-2024_treino_190.csv_128-1,0.61
2023-2024_treino_191.csv_128-1,0.62
2023-2024_treino_192.csv_128-1,0.62
2023-2024_treino_193.csv_128-1,0.62
2023-2024_treino_194.csv_128-1,0.61
2023-2024_treino_195.csv_128-1,0.62
2023-2024_treino_196.csv_128-1,0.62
2023-2024_treino_197.csv_128-1,0.62
2023-2024_treino_198.csv_128-1,0.62
2023-2024_treino_199.csv_128-1,0.62
2023-2024_treino_200.csv_128-1,0.62
2023-2024_treino_201.csv_128-1,0.62
2023-2024_treino_202.csv_128-1,0.62
2023-2024_treino_203.csv_128-1,0.62
2023-2024_treino_204.csv_128-1,0.61
2023-2024_treino_205.csv_128-1,0.61
2023-2024_treino_206.csv_128-1,0.60
2023-2024_treino_207.csv_128-1,0.60
2023-2024_treino_208.csv_128-1,0.60
2023-2024_treino_209.csv_128-1,0.59
2023-2024_treino_210.csv_128-1,0.59
2023-2024_treino_211.csv_128-1,0.58
2023-2024_treino_212.csv_128-1,0.57
2023-2024_treino_213.csv_128-1,0.57
2023-2024_treino_214.csv_128-1,0.57
2023-2024_treino_215.csv_128-1,0.57
2023-2024_treino_216.csv_128-1,0.57
2023-2024_treino_217.csv_128-1,0.57
2023-2024_treino_218.csv_128-1,0.58
2023-2024_treino_219.csv_128-1,0.58
2023-2024_treino_220.csv_128-1,0.57
2023-2024_treino_221.csv_128-1,0.57
2023-2024_treino_222.csv_128-1,0.57
2023-2024_treino_223.csv_128-1,0.57
2023-2024_treino_224.csv_128-1,0.57
2023-2024_treino_225.csv_128-1,0.58
2023-2024_treino_226.csv_128-1,0.58
2023-2024_treino_227.csv_128-1,0.57
2023-2024_treino_228.csv_128-1,0.58
2023-2024_treino_229.csv_128-1,0.59
2023-2024_treino_230.csv_128-1,0.59
2023-2024_treino_231.csv_128-1,0.59
2023-2024_treino_232.csv_128-1,0.59
2023-2024_treino_233.csv_128-1,0.59
2023-2024_treino_234.csv_128-1,0.60
2023-2024_treino_235.csv_128-1,0.61
2023-2024_treino_236.csv_128-1,0.60
2023-2024_treino_237.csv_128-1,0.60
2023-2024_treino_238.csv_128-1,0.59
2023-2024_treino_239.csv_128-1,0.59
2023-2024_treino_240.csv_128-1,0.59
2023-2024_treino_241.csv_128-1,0.60
2023-2024_treino_242.csv_128-1,0.60
2023-2024_treino_243.csv_128-1,0.61
2023-2024_treino_244.csv_128-1,0.61
2023-2024_treino_245.csv_128-1,0.61
2023-2024_treino_246.csv_128-1,0.62
2023-2024_treino_247.csv_128-1,0.61
2023-2024_treino_248.csv_128-1,0.61
2023-2024_treino_249.csv_128-1,0.61
2023-2024_treino_250.csv_128-1,0.62
2023-2024_treino_251.csv_128-1,0.62
2023-2024_treino_252.csv_128-1,0.61
2023-2024_treino_253.csv_128-1,0.61
2023-2024_treino_254.csv_128-1,0.60
2023-2024_treino_255.csv_128-1,0.60
2023-2024_treino_256.csv_128-1,0.59
2023-2024_treino_257.csv_128-1,0.59
2023-2024_treino_258.csv_128-1,0.59
